name,COUNT,AREA,MIN (Band 1),MAX (Band 1),MEAN (Band 1),STDDEV (Band 1),MIN (Band 2),MAX (Band 2),MEAN (Band 2),STDDEV (Band 2),MIN (Band 3),MAX (Band 3),MEAN (Band 3),STDDEV (Band 3)
"BDWY",9788,1.337589906800000,4.000000000000000,245.0000000000000,114.4015120555783,58.05882028263032,12.00000000000000,254.0000000000000,128.7280343277483,58.94322239728769,1.000000000000000,189.0000000000000,84.99816101348591,41.61844567771875
"D130-7-1-1",18274,2.497253571400000,1.000000000000000,235.0000000000000,88.83063368720580,53.45384520388124,6.000000000000000,253.0000000000000,110.2117647058823,56.84616722498122,1.000000000000000,207.0000000000000,80.97181634104962,44.72648713888677
"D135-6-2",12335,1.685652993500000,3.000000000000000,253.0000000000000,122.3690312119984,59.92922841578785,9.000000000000000,255.0000000000000,134.2644507498987,60.72957023260388,6.000000000000000,226.0000000000000,111.1788406972031,48.50017717936237
"E6",8581,1.172645994100000,3.000000000000000,242.0000000000000,90.62789884628832,51.59546437599318,1.000000000000000,245.0000000000000,83.03076564502969,52.51248478244744,10.00000000000000,246.0000000000000,90.55459736627435,51.43198789586141
"F11",11276,1.540934183600000,2.000000000000000,250.0000000000000,94.77589570769777,40.05924956479227,11.00000000000000,254.0000000000000,121.2726144022702,41.64510174834401,1.000000000000000,253.0000000000000,75.98944286728180,40.15236236296975
"F3",9141,1.249173410100000,1.000000000000000,214.0000000000000,57.55551908981513,37.34152081253799,1.000000000000000,212.0000000000000,51.59205776173284,39.70773668529690,7.000000000000000,216.0000000000000,61.82430806257521,40.77143398489606
"GL",7217,0.9862470737000001,8.000000000000000,215.0000000000000,98.90175973396154,41.39053254720805,20.00000000000000,234.0000000000000,116.0507135929056,41.67629026879521,10.00000000000000,193.0000000000000,85.43591520022173,34.38454485662479
"GLSJNCT",9089,1.242067292900000,6.000000000000000,251.0000000000000,104.7567389151722,57.54375932651199,16.00000000000000,254.0000000000000,123.3291891297173,58.52301734542210,5.000000000000000,226.0000000000000,95.84640774562658,42.30150881494400
"GWAS-W01",41329,5.647859956900001,1.000000000000000,243.0000000000000,79.30862106511155,49.43016327001133,3.000000000000000,244.0000000000000,86.97531999322520,49.94244481302720,1.000000000000000,226.0000000000000,61.14953474847334,40.30470436329567
"GWAS-W02",25262,3.452206398200000,2.000000000000000,250.0000000000000,94.25762014092317,50.84347860891170,3.000000000000000,251.0000000000000,95.82368775235543,49.36617653638955,1.000000000000000,214.0000000000000,71.93282104095698,40.59153715091768
"GWAS-W12",21112,2.885083583200000,1.000000000000000,229.0000000000000,85.69221295945439,45.83412167031781,8.000000000000000,238.0000000000000,102.8741000378931,47.61381849934446,1.000000000000000,223.0000000000000,75.75434689913303,41.99879026601794
"GWAS-W22",29861,4.080687802100000,2.000000000000000,255.0000000000000,123.3460366364154,59.45479953987504,4.000000000000000,255.0000000000000,121.4521281939654,56.70101454835030,1.000000000000000,234.0000000000000,98.47524951436807,49.32347763766875
"GWAS-W27",26714,3.650631055400000,1.000000000000000,255.0000000000000,108.6332260238078,58.65406693122939,1.000000000000000,254.0000000000000,105.8066931197125,55.63837175688377,1.000000000000000,249.0000000000000,82.25667066406825,47.19679065790564
"GWAS-W30",11631,1.589447099100000,1.000000000000000,255.0000000000000,99.28467027770613,56.23562581733320,2.000000000000000,255.0000000000000,100.7091393689278,54.00281274997103,1.000000000000000,222.0000000000000,77.04198933057994,46.39454669943507
"GWAS-W35",9552,1.305339067200000,3.000000000000000,237.0000000000000,96.44880653266330,48.14827959778867,4.000000000000000,221.0000000000000,91.67598408710218,46.32950022858192,2.000000000000000,218.0000000000000,82.38484087102179,43.31793201075534
"GWAS-W42",17174,2.346931861400000,1.000000000000000,231.0000000000000,83.56777687201578,41.88026081244405,3.000000000000000,228.0000000000000,97.15969028351859,43.05844302990192,1.000000000000000,195.0000000000000,73.69692200069949,38.88197126522982
"GWAS-W43",9392,1.283474091200000,1.000000000000000,224.0000000000000,89.29429301533217,42.96737546673739,6.000000000000000,241.0000000000000,101.5074531516184,43.27436654092838,1.000000000000000,219.0000000000000,81.32736954206604,41.27099325211541
"GWAS-W44",938,0.1281834218000000,27.00000000000000,253.0000000000000,155.3059701492537,48.39795442027906,17.00000000000000,235.0000000000000,136.0980810234541,48.35914838138411,16.00000000000000,224.0000000000000,119.1385927505330,43.61013833227450
"GWAS-W7",26057,3.560847997700000,4.000000000000000,254.0000000000000,107.0474344705838,49.13274166753354,3.000000000000000,253.0000000000000,98.09283493878812,45.96237683298551,1.000000000000000,222.0000000000000,79.36598096407739,41.90559246601933
"H20K0130",14966,2.045195192600000,1.000000000000000,208.0000000000000,84.36556194039822,44.21442981936471,10.00000000000000,229.0000000000000,103.1936259771497,46.09221888180799,1.000000000000000,194.0000000000000,75.64648894233984,39.16112763629882
"H20K1173",7991,1.092018895100000,7.000000000000000,210.0000000000000,92.10211487923917,44.74923409089780,18.00000000000000,235.0000000000000,109.7952696783882,46.06297732451984,2.000000000000000,207.0000000000000,79.32749343010885,38.85312020802254
"H20K1176",10867,1.485041838700000,4.000000000000000,246.0000000000000,105.1407932272016,58.32234172668250,14.00000000000000,254.0000000000000,123.2572927210821,61.22620462405198,3.000000000000000,226.0000000000000,94.83831784301098,47.40559017840521
"H20K1180",19989,2.731618782900000,1.000000000000000,234.0000000000000,75.37270498774328,48.07902269021045,1.000000000000000,227.0000000000000,66.18856027623478,45.88723515051588,1.000000000000000,228.0000000000000,68.87512507504508,45.41113879988015
"H20K2807",8794,1.201753743400000,1.000000000000000,243.0000000000000,110.1804639526950,58.28900943501413,8.000000000000000,250.0000000000000,126.4143734364340,59.89562932537093,1.000000000000000,197.0000000000000,91.06481692062772,45.59261535647241
"H20K2905",8997,1.229494931700000,1.000000000000000,244.0000000000000,84.69412026230962,45.61548629494834,1.000000000000000,239.0000000000000,74.77261613691934,45.87914009063199,1.000000000000000,233.0000000000000,75.15592353856415,44.63290331813168
"Impulsion",4543,0.6208286623000000,4.000000000000000,235.0000000000000,118.1093990755008,54.66849099504136,11.00000000000000,249.0000000000000,128.5518379925160,55.22969039825171,2.000000000000000,194.0000000000000,81.72941435490976,42.98145037138445
"K005",22067,3.015590158700000,1.000000000000000,243.0000000000000,91.25418045044646,54.85870436878644,3.000000000000000,253.0000000000000,103.1511306475733,56.56825608298210,1.000000000000000,238.0000000000000,79.04828399147661,45.92454088652253
"K009",19026,2.600018958600000,1.000000000000000,255.0000000000000,97.95853043204042,57.08581468398788,2.000000000000000,253.0000000000000,95.72379901187843,55.29419374071154,1.000000000000000,220.0000000000000,84.36099868593958,48.32508291369706
"K011",7476,1.021641003600000,6.000000000000000,246.0000000000000,108.3967362225789,58.65505909330675,7.000000000000000,245.0000000000000,110.4965222043874,56.54784686050246,2.000000000000000,197.0000000000000,82.39767255216692,43.34441783889782
"K017",11640,1.590677004000000,1.000000000000000,219.0000000000000,82.12500000000000,48.01621887560022,6.000000000000000,226.0000000000000,100.3554123711340,50.84860981666086,2.000000000000000,241.0000000000000,80.39063573883166,43.98580637444852
"K023",20524,2.804729796400000,1.000000000000000,223.0000000000000,98.05164685246545,51.02391125038783,1.000000000000000,245.0000000000000,101.8860358604560,51.91401143282222,1.000000000000000,216.0000000000000,86.22334307992215,44.63096315781899
"K036",18020,2.462542922000000,1.000000000000000,230.0000000000000,92.58734739178695,49.37622532616480,6.000000000000000,250.0000000000000,108.7614714531433,51.31247207625948,1.000000000000000,216.0000000000000,80.41497391497394,44.33810406224259
"K053",12582,1.719407050200000,1.000000000000000,235.0000000000000,94.42083929423001,53.66097512018825,4.000000000000000,241.0000000000000,102.4047051343189,54.32469952439999,1.000000000000000,203.0000000000000,77.98091299506915,44.55399434844291
"K054",20491,2.800220145100000,2.000000000000000,254.0000000000000,108.9068371480162,57.24715927538072,6.000000000000000,254.0000000000000,114.6757112878825,58.08989688519136,1.000000000000000,247.0000000000000,86.76352539062501,48.82564528558657
"K055",5291,0.7230474251000001,9.000000000000000,231.0000000000000,109.5189945189945,58.39642057460745,8.000000000000000,245.0000000000000,117.3849933849934,58.77736143365897,3.000000000000000,206.0000000000000,92.10413910413911,49.31148176928318
"K058",20031,2.737358339100000,1.000000000000000,254.0000000000000,99.31700863661325,62.53032614041796,3.000000000000000,255.0000000000000,106.9981528630623,63.48234348762477,1.000000000000000,237.0000000000000,79.18695326168461,49.83790702211319
"K066",17621,2.408017138100000,1.000000000000000,243.0000000000000,95.60019295159188,59.26513291583375,4.000000000000000,251.0000000000000,101.1764372056069,60.11052176851466,1.000000000000000,228.0000000000000,84.20063567739369,50.80130291484076
"K079",19873,2.715766675300000,1.000000000000000,252.0000000000000,89.65762592462127,54.71473309127949,3.000000000000000,254.0000000000000,105.7250679279461,57.68392760560232,1.000000000000000,203.0000000000000,68.31154563322083,42.82211103475877
"K180",5633,0.7697838113000001,5.000000000000000,238.0000000000000,112.1844487839517,51.61791677296142,4.000000000000000,239.0000000000000,106.7548375643530,55.78121965029157,9.000000000000000,244.0000000000000,111.2442748091604,56.67787372828244
"K181",19363,2.646072064300000,1.000000000000000,255.0000000000000,117.4722925166555,63.82906520843355,9.000000000000000,255.0000000000000,131.8951092289417,66.08831300258409,1.000000000000000,233.0000000000000,98.61896400351185,52.19557941338947
"K183",17179,2.347615141900000,1.000000000000000,218.0000000000000,85.81442458815991,49.46865912147738,7.000000000000000,244.0000000000000,106.6091739915012,54.47668350878106,1.000000000000000,205.0000000000000,69.36285298398833,39.14036894866061
"K186",5387,0.7361664107000000,1.000000000000000,216.0000000000000,81.27473547428995,50.23862366488489,3.000000000000000,253.0000000000000,104.0432121661721,53.52950658150209,1.000000000000000,201.0000000000000,80.01447392837260,44.23032462855252
"K197",20314,2.776032015400000,2.000000000000000,239.0000000000000,92.09638672836464,53.90893937591191,7.000000000000000,254.0000000000000,109.6554270243663,56.28530397007174,2.000000000000000,246.0000000000000,84.55820822052665,46.47504171860260
"K215",17677,2.415669879700000,1.000000000000000,219.0000000000000,95.22656559370930,50.90265859464078,8.000000000000000,251.0000000000000,119.4667647225207,56.16809025790242,1.000000000000000,224.0000000000000,78.21029095437569,41.08088282887417
"K219",18832,2.573507675200000,1.000000000000000,241.0000000000000,104.6455501274427,56.71901656554471,3.000000000000000,248.0000000000000,110.3206775700935,56.95538895444263,1.000000000000000,215.0000000000000,83.32040794645702,45.58362587781092
"K233",16391,2.239930135100000,3.000000000000000,236.0000000000000,83.67848209383195,54.89824499264423,2.000000000000000,241.0000000000000,88.85876395582947,54.97919182539987,2.000000000000000,214.0000000000000,79.69410042096273,47.09757906305175
"K268",3180,0.4345663980000000,6.000000000000000,226.0000000000000,118.9660377358491,50.89233413301032,19.00000000000000,237.0000000000000,126.4572327044025,50.58930226348946,3.000000000000000,200.0000000000000,81.33176100628933,39.67597206624953
"K280",11853,1.619784753300000,1.000000000000000,237.0000000000000,84.94102758795239,53.42875576076459,6.000000000000000,247.0000000000000,97.41010714587020,53.84664311216185,1.000000000000000,227.0000000000000,77.13397452121829,42.83539242791271
"K286",11086,1.514969524600000,1.000000000000000,228.0000000000000,87.67265018942811,52.75238371057906,1.000000000000000,245.0000000000000,87.35351439141024,50.74449777441660,1.000000000000000,198.0000000000000,74.51223255394063,41.51262126308410
"K302",1664,0.2273957504000000,11.00000000000000,230.0000000000000,98.75540865384616,55.70890891378570,7.000000000000000,219.0000000000000,87.07572115384616,52.93287856023560,3.000000000000000,172.0000000000000,71.87319711538463,42.03782511004547
"K316",26838,3.667576411800000,4.000000000000000,250.0000000000000,123.7039272673075,55.87316273797826,11.00000000000000,254.0000000000000,135.7036291825025,59.38814252411041,1.000000000000000,207.0000000000000,83.94197875908333,43.81251798051327
"K352",19123,2.613274600300000,2.000000000000000,242.0000000000000,114.8166082727607,56.93816286095633,4.000000000000000,251.0000000000000,124.6882288343879,59.11566559949699,1.000000000000000,193.0000000000000,80.24509033778466,44.56979806330691
"K353",23594,3.224264023400000,2.000000000000000,253.0000000000000,106.0733237263712,54.52407463640120,8.000000000000000,254.0000000000000,119.0060608629313,56.74911758058067,1.000000000000000,217.0000000000000,81.05735269145865,46.77266931264644
"K354",16369,2.236923700900000,5.000000000000000,255.0000000000000,125.6586840979902,59.45393108171136,14.00000000000000,254.0000000000000,126.6620441077646,57.22649710936251,1.000000000000000,219.0000000000000,89.44846337141811,47.34550650658685
"K359",20020,2.735855122000000,1.000000000000000,250.0000000000000,93.40454545454546,49.58926485529645,1.000000000000000,249.0000000000000,81.41451838529179,48.73498089950800,1.000000000000000,241.0000000000000,77.26441202917380,46.56659309958710
"K383",11121,1.519752488100000,6.000000000000000,254.0000000000000,128.1985432964661,59.09944187766855,14.00000000000000,254.0000000000000,125.3201150975632,57.04135063773192,4.000000000000000,221.0000000000000,97.46263825195572,47.15211943766113
"K402",13480,1.842124228000000,11.00000000000000,253.0000000000000,129.1056379821959,57.84285947528758,12.00000000000000,254.0000000000000,130.7379821958457,57.18176567296462,3.000000000000000,219.0000000000000,104.3232195845698,47.38162491017246
"K403",8389,1.146408022900000,6.000000000000000,251.0000000000000,115.3791870306354,62.60814278450589,9.000000000000000,254.0000000000000,119.7083084992252,61.81910096038298,4.000000000000000,215.0000000000000,92.74633448563596,48.75010754030597
"K409",5534,0.7562548574000001,2.000000000000000,215.0000000000000,66.25804119985541,36.12047215131928,2.000000000000000,210.0000000000000,56.84459703650165,36.67938953615827,11.00000000000000,205.0000000000000,67.38019515720998,36.14067757676153
"K412",4507,0.6159090427000000,4.000000000000000,214.0000000000000,87.71333481251391,41.47662197633309,2.000000000000000,206.0000000000000,71.99667184379851,41.46570342588102,5.000000000000000,210.0000000000000,78.52052362990905,40.97684506205044
"K414",9489,1.296729732900000,1.000000000000000,250.0000000000000,64.60448940878914,41.80033727780025,2.000000000000000,248.0000000000000,60.91904711710766,40.11591604636334,1.000000000000000,233.0000000000000,66.99241226683529,38.03229502917010
"K418",15329,2.094801356900000,2.000000000000000,241.0000000000000,103.7943114358406,55.36881375405883,3.000000000000000,250.0000000000000,109.4584121599582,55.57020314585606,1.000000000000000,211.0000000000000,85.95915704312652,46.22371572712871
"K424",5081,0.6943496441000000,5.000000000000000,195.0000000000000,75.36193662664829,42.68460923863586,12.00000000000000,204.0000000000000,83.21550875811849,40.90942804217826,10.00000000000000,190.0000000000000,78.31548907695336,35.69106085565261
"K430",16673,2.278467155300000,1.000000000000000,247.0000000000000,97.35386553109822,57.48596079202097,3.000000000000000,251.0000000000000,99.75529298866431,57.15766699294926,1.000000000000000,231.0000000000000,90.80801295507709,49.68249022564130
"K433",17558,2.399407803800000,8.000000000000000,254.0000000000000,130.4440141246157,61.11690890756961,14.00000000000000,254.0000000000000,137.4837680829252,61.11945417492869,1.000000000000000,224.0000000000000,101.7515092835174,47.02440281433304
"K434",18945,2.588949814500000,2.000000000000000,255.0000000000000,119.0781736605963,64.50294423899395,8.000000000000000,255.0000000000000,134.2154130377409,66.42674739276707,1.000000000000000,236.0000000000000,105.6902612826603,54.27456282678246
"K439",6752,0.9227019872000001,1.000000000000000,198.0000000000000,73.31472156398104,40.40283053516826,1.000000000000000,189.0000000000000,65.40358412322270,41.36323347948717,4.000000000000000,199.0000000000000,69.23593009478672,41.66900057063551
"K441",16033,2.191007251300000,1.000000000000000,230.0000000000000,90.75045219235322,53.13944329858173,4.000000000000000,244.0000000000000,103.3161604191356,54.33138228248714,1.000000000000000,218.0000000000000,85.86733611925411,46.10188887864569
"K444",17020,2.325886822000000,2.000000000000000,230.0000000000000,78.87796709753235,49.98566428112030,2.000000000000000,235.0000000000000,81.25305522914219,48.48288350557689,1.000000000000000,243.0000000000000,73.77256169212693,43.98408080897840
"K447",15911,2.174335207100000,5.000000000000000,253.0000000000000,121.8278549431212,60.30589189104936,15.00000000000000,255.0000000000000,137.1350009427440,62.20746296584581,5.000000000000000,235.0000000000000,107.0941487021558,50.15817404932670
"K452",14530,1.985613133000000,6.000000000000000,255.0000000000000,124.0431520991053,63.18314635283010,11.00000000000000,255.0000000000000,128.0205092911218,62.01945629781275,3.000000000000000,240.0000000000000,102.0710254645561,51.54873943950208
"K467",14351,1.961151691100000,1.000000000000000,238.0000000000000,114.1786635077695,57.96171865757429,10.00000000000000,254.0000000000000,130.4766218381994,59.86901026996932,1.000000000000000,200.0000000000000,80.53490967426940,42.93822355398301
"K488",2930,0.4004023730000000,3.000000000000000,193.0000000000000,76.16313993174059,43.92700119099343,1.000000000000000,200.0000000000000,65.70321038251365,49.08146762861608,5.000000000000000,214.0000000000000,76.20477815699657,49.65277568805980
"K488x",9141,1.249173410100000,8.000000000000000,234.0000000000000,122.1680341319331,51.48914387029549,25.00000000000000,251.0000000000000,138.1340115961054,53.48790823884855,3.000000000000000,201.0000000000000,90.79969368778032,39.02009278620464
"K490",3923,0.5361018803000001,3.000000000000000,234.0000000000000,97.15090491970437,49.88504547897546,1.000000000000000,236.0000000000000,88.02294162630639,54.83281329071310,7.000000000000000,241.0000000000000,95.98011725720113,55.34050742122323
"K496",11186,1.528635134600000,1.000000000000000,248.0000000000000,107.5121580547113,61.09861353871020,8.000000000000000,253.0000000000000,119.9021097800822,62.31456088272691,1.000000000000000,204.0000000000000,85.26240500670541,44.59595155354911
"K502",508,0.06942129880000000,4.000000000000000,187.0000000000000,81.96456692913385,46.72082013336632,10.00000000000000,207.0000000000000,97.09645669291339,50.48940509520729,7.000000000000000,166.0000000000000,79.53346456692914,41.56225413333247
"K504",14692,2.007751421200000,5.000000000000000,233.0000000000000,121.4462292404030,52.89991842735537,11.00000000000000,240.0000000000000,132.0969915600328,52.20182840454223,4.000000000000000,214.0000000000000,92.15811325891642,43.94594926966383
"K515",19450,2.657961145000000,1.000000000000000,246.0000000000000,103.8926992287918,58.16722744881113,6.000000000000000,253.0000000000000,113.2705773482083,59.47938786714005,1.000000000000000,216.0000000000000,87.48685226161678,48.70770108150843
"K516",7530,1.029020433000000,11.00000000000000,249.0000000000000,129.4779548472775,52.55486585361096,11.00000000000000,247.0000000000000,125.3602921646746,51.03610446542860,7.000000000000000,224.0000000000000,107.7950863213812,45.48419691175005
"K518",18375,2.511055837500000,4.000000000000000,254.0000000000000,110.3174421768707,56.04851581395650,4.000000000000000,253.0000000000000,110.6151836734694,55.59685645408071,1.000000000000000,213.0000000000000,86.56642176870756,45.75175006793071
"K519",17751,2.425782431100000,5.000000000000000,250.0000000000000,103.5738831615120,57.32026402356740,7.000000000000000,252.0000000000000,107.6473438116163,57.22418201152313,3.000000000000000,215.0000000000000,91.60278294180610,45.51257632881032
"K536",25868,3.535019994800000,2.000000000000000,252.0000000000000,94.77740838101134,52.83382594668942,3.000000000000000,255.0000000000000,103.4858512447812,55.65937313951831,1.000000000000000,211.0000000000000,72.32020581066963,43.11067746297142
"K549",5167,0.7061020687000000,6.000000000000000,252.0000000000000,103.6783433326882,58.04929254693093,8.000000000000000,253.0000000000000,110.0756725372557,59.47309195488334,2.000000000000000,211.0000000000000,88.06678281068523,49.02310331122839
"K551",3013,0.4117448293000000,6.000000000000000,231.0000000000000,108.6223033521407,56.51448644691151,6.000000000000000,218.0000000000000,102.3584467308330,51.68982755584078,3.000000000000000,186.0000000000000,82.32824427480917,41.02448968346730
"K566",10015,1.368610841500000,2.000000000000000,251.0000000000000,92.18701947079383,59.60202604895513,4.000000000000000,253.0000000000000,98.86410384423365,59.08617400197555,2.000000000000000,237.0000000000000,88.00629056415379,51.18008303149470
"K569",2726,0.3725245286000000,10.00000000000000,245.0000000000000,122.8121790168745,61.93654591198175,19.00000000000000,250.0000000000000,128.2523844460748,61.30962885748541,4.000000000000000,181.0000000000000,90.44717534849595,41.42889960273681
"K570",21632,2.956144755200000,3.000000000000000,238.0000000000000,96.42150517751483,53.47173219342622,2.000000000000000,245.0000000000000,97.14728180473368,53.91655414766905,2.000000000000000,242.0000000000000,83.09513683431949,47.43378880201765
"K576",19799,2.705654123900000,1.000000000000000,234.0000000000000,87.28829738875707,51.97503927339258,4.000000000000000,247.0000000000000,102.6280490884299,54.38199976147794,1.000000000000000,211.0000000000000,71.80126550240450,43.88763631433819
"K580",11544,1.577558018400000,4.000000000000000,244.0000000000000,109.3037075537075,55.91567641892110,7.000000000000000,250.0000000000000,116.6185031185031,57.35791585244332,1.000000000000000,216.0000000000000,87.40748440748443,46.05156757721434
"K582",17244,2.356497788400000,8.000000000000000,255.0000000000000,135.4242635119462,60.43014830072055,18.00000000000000,255.0000000000000,143.6899211319879,59.72254811126368,7.000000000000000,239.0000000000000,115.5735328230109,49.88152161351343
"K585",8845,1.208723204500000,1.000000000000000,216.0000000000000,75.60565291124927,45.38904458470515,1.000000000000000,229.0000000000000,75.00260033917473,46.02307168764197,7.000000000000000,227.0000000000000,84.94335782928209,45.93932519183333
"K588",19458,2.659054393800000,4.000000000000000,253.0000000000000,128.9250179874602,59.07676812511786,8.000000000000000,254.0000000000000,139.2804502004317,59.99975440804624,1.000000000000000,205.0000000000000,98.18419159214722,46.64428428191123
"K591",15513,2.119946079300000,2.000000000000000,249.0000000000000,113.4597434409850,57.10981653149607,9.000000000000000,254.0000000000000,121.5058982788629,59.96969844176043,1.000000000000000,244.0000000000000,93.66634435634630,46.33921291223788
"K594",19385,2.649078498500000,1.000000000000000,247.0000000000000,127.2196027856588,56.81159451652069,12.00000000000000,255.0000000000000,147.5541397988136,61.46599786411800,1.000000000000000,207.0000000000000,85.69471836439668,45.36725730527660
"K597",14379,1.964978061900000,2.000000000000000,225.0000000000000,77.48549968704360,42.83008814603438,1.000000000000000,221.0000000000000,66.48660869565215,40.41508848807866,1.000000000000000,223.0000000000000,63.18736959243284,37.99499279354831
"K609",656,0.08964640160000001,8.000000000000000,173.0000000000000,64.42835365853658,31.99734322515899,8.000000000000000,171.0000000000000,60.59298780487805,32.08372462586838,17.00000000000000,187.0000000000000,69.45426829268293,32.66505072712688
"K612",12739,1.740862057900000,2.000000000000000,248.0000000000000,101.2094355914907,56.71130972562875,1.000000000000000,244.0000000000000,93.44681686160610,54.81520985803841,1.000000000000000,223.0000000000000,87.97778301146178,51.29767917935827
"K618",15596,2.131288535600000,5.000000000000000,249.0000000000000,106.7706463195691,52.99141624542961,12.00000000000000,248.0000000000000,117.5050654013850,54.12657591176075,3.000000000000000,218.0000000000000,92.03026417030010,44.24029933922625
"K619",14712,2.010484543200000,5.000000000000000,245.0000000000000,105.1073273518216,56.80983231620161,2.000000000000000,250.0000000000000,110.5424143556281,57.12757080098702,1.000000000000000,222.0000000000000,86.42194723959753,46.21065005658040
"K620",15224,2.080452466400000,2.000000000000000,230.0000000000000,92.76280872306873,52.31653347010150,8.000000000000000,235.0000000000000,103.2651077246452,53.09305136345435,1.000000000000000,207.0000000000000,80.19975039411459,41.20347603740451
"K627",18961,2.591136312100000,3.000000000000000,255.0000000000000,131.2725594641633,62.41420500095575,7.000000000000000,255.0000000000000,134.4674858920943,60.87508055646362,1.000000000000000,234.0000000000000,107.5657929434101,50.78937549477151
"K631",6156,0.8412549516000001,3.000000000000000,226.0000000000000,85.64002599090318,48.59949937996355,2.000000000000000,237.0000000000000,87.51397011046136,50.55075354299382,9.000000000000000,227.0000000000000,93.75292397660817,49.17061461453194
"K634",10228,1.397718590800000,4.000000000000000,240.0000000000000,109.3867813844349,60.51131653056934,10.00000000000000,254.0000000000000,125.0261048103246,61.98147418128510,1.000000000000000,208.0000000000000,90.04986312084473,45.04075549759690
"K636",3538,0.4834892818000000,3.000000000000000,229.0000000000000,92.07461842849067,51.76239811175272,2.000000000000000,231.0000000000000,88.38722442057662,53.66396534786794,10.00000000000000,232.0000000000000,96.52826455624647,53.43203778117388
"K637",19627,2.682149274700000,1.000000000000000,236.0000000000000,87.03153818719107,50.78255812194828,3.000000000000000,250.0000000000000,106.0549640874128,53.52667299622988,1.000000000000000,241.0000000000000,74.70068930303810,44.89162207894247
"K638",17278,2.361144095800000,3.000000000000000,255.0000000000000,118.8459312420419,63.45560278539391,6.000000000000000,255.0000000000000,128.1831809237180,64.25909420341802,1.000000000000000,226.0000000000000,97.74269175108537,50.80557672562289
"K661",11371,1.553916513100000,1.000000000000000,223.0000000000000,70.29021194266112,47.45294229741238,1.000000000000000,222.0000000000000,65.92434239465115,49.34050098392455,3.000000000000000,227.0000000000000,76.04388356345086,49.68242603425521
"K662",8100,1.106914410000000,2.000000000000000,208.0000000000000,73.12716049382715,39.22184667422962,1.000000000000000,210.0000000000000,57.63281443044232,39.05825588255425,2.000000000000000,217.0000000000000,62.24898160720899,38.61621997231737
"K664",5834,0.7972516874000001,1.000000000000000,202.0000000000000,74.33921837504283,40.83296874679581,2.000000000000000,195.0000000000000,63.44181662382174,37.77034648812946,2.000000000000000,196.0000000000000,66.00085689802910,36.69764768829960
"K668",12312,1.682509903200000,7.000000000000000,251.0000000000000,128.2745289148799,54.17846729950507,12.00000000000000,254.0000000000000,140.2824074074074,55.83997165439042,9.000000000000000,229.0000000000000,114.3820662768031,46.55484559072358
"K674",14376,1.964568093600000,8.000000000000000,255.0000000000000,141.2602949360044,64.36670809819488,15.00000000000000,255.0000000000000,139.7767111853088,61.89719681390645,1.000000000000000,222.0000000000000,111.1601279910964,51.09234564325371
"K674x",16135,2.204946173500000,6.000000000000000,254.0000000000000,125.2051440966843,58.73150599355703,16.00000000000000,255.0000000000000,134.4330337775022,57.66219136007195,1.000000000000000,226.0000000000000,96.45020142547254,47.85079423106560
"K675",15492,2.117076301200000,2.000000000000000,254.0000000000000,122.0460237541957,63.21566474276669,11.00000000000000,255.0000000000000,137.5856571133488,65.34760460000251,2.000000000000000,241.0000000000000,105.7958946553060,53.34955584957920
"K682",11584,1.583024262400000,3.000000000000000,252.0000000000000,122.5569751381215,60.28756550743987,9.000000000000000,254.0000000000000,129.6849965469614,60.37551170156879,1.000000000000000,213.0000000000000,92.09927486187841,47.53778272947653
"K684",14374,1.964294781400000,1.000000000000000,253.0000000000000,83.73340754139416,46.97646848101942,1.000000000000000,251.0000000000000,74.41115903715044,47.74260462662782,1.000000000000000,245.0000000000000,77.68744347826083,48.72102406415259
"K686",12850,1.756030885000000,1.000000000000000,254.0000000000000,117.4943968871595,58.54827001634158,6.000000000000000,255.0000000000000,128.3929961089494,59.04329709917143,2.000000000000000,240.0000000000000,102.6277042801557,48.67671353373071
"K688",6432,0.8789720352000000,1.000000000000000,200.0000000000000,73.90469527363186,41.88866959414442,1.000000000000000,192.0000000000000,68.13514774494556,40.25293253652021,3.000000000000000,201.0000000000000,72.67646144278609,39.68446476035137
"K694",17026,2.326706758600000,1.000000000000000,255.0000000000000,118.9733348995654,58.02452056186528,10.00000000000000,255.0000000000000,128.9154822036885,58.53386252335105,4.000000000000000,230.0000000000000,103.4204158346059,49.33622287651686
"K695",5702,0.7792130822000001,10.00000000000000,231.0000000000000,111.5952297439495,54.12231852259138,8.000000000000000,226.0000000000000,109.9074009119607,51.19260573113910,4.000000000000000,216.0000000000000,82.66695896176780,40.72150238997518
"K834",9860,1.347429146000000,3.000000000000000,255.0000000000000,93.46551724137933,54.22949329079644,3.000000000000000,255.0000000000000,97.51957403651109,51.49582491809826,2.000000000000000,237.0000000000000,90.95598377281947,47.35128640991327
"LJ",11501,1.571681806100000,2.000000000000000,226.0000000000000,102.1586818537518,45.80982940432809,9.000000000000000,239.0000000000000,112.5923832710199,43.84154580420418,1.000000000000000,206.0000000000000,88.58507955829930,43.21659705297633
"LS1106",13218,1.806320329800000,4.000000000000000,254.0000000000000,116.5856407928582,61.30798441649729,10.00000000000000,255.0000000000000,129.4176123467998,62.22909224230884,1.000000000000000,244.0000000000000,101.3636707520048,50.20864000158177
"LSH",4429,0.6052498669000000,1.000000000000000,213.0000000000000,85.92345902009480,42.42959802726338,2.000000000000000,208.0000000000000,72.03657710544141,44.85292656386510,9.000000000000000,213.0000000000000,79.50169338451117,45.03928135297171
"R1",15624,2.135114906400000,1.000000000000000,229.0000000000000,73.79179467485923,44.44525727309261,1.000000000000000,234.0000000000000,59.12428799999999,45.22644894440463,2.000000000000000,245.0000000000000,65.81613976705484,46.03318647727146
"RBJQSC",4910,0.6709814510000001,1.000000000000000,240.0000000000000,106.8997963340123,57.59276874373935,8.000000000000000,250.0000000000000,118.8205702647657,59.37657190491994,2.000000000000000,207.0000000000000,93.86517311608962,44.06489950776728
"S13K033",18304,2.501353254400000,1.000000000000000,255.0000000000000,102.1769558566434,60.61063807311766,5.000000000000000,255.0000000000000,112.1364182692307,61.56911177227333,1.000000000000000,231.0000000000000,83.71028905524290,48.76012880769155
"S13K037",14870,2.032076207000000,1.000000000000000,252.0000000000000,110.2498991257566,59.23782240135810,2.000000000000000,254.0000000000000,123.1017416448120,60.66049205948812,1.000000000000000,218.0000000000000,92.04869845967580,45.03105102547253
"S13K038",6535,0.8930476135000001,5.000000000000000,255.0000000000000,131.5332823259373,57.76535305292760,12.00000000000000,254.0000000000000,125.4169854628921,53.77484365399186,6.000000000000000,235.0000000000000,108.8436113236419,45.80653974461593
"S13K044",16854,2.303201909400000,1.000000000000000,222.0000000000000,93.67960128159487,52.41906157300211,6.000000000000000,233.0000000000000,107.2084371662513,54.00879250938920,1.000000000000000,207.0000000000000,75.49543080939955,42.77308085466597
"S13K054",14697,2.008434701700000,2.000000000000000,255.0000000000000,109.6498605157515,64.95364652115026,7.000000000000000,255.0000000000000,120.0149690413009,64.62365017022445,1.000000000000000,223.0000000000000,89.17819963257807,50.44290518122538
"S13K057",14747,2.015267506700000,1.000000000000000,253.0000000000000,103.8426120566894,59.75239026218269,7.000000000000000,255.0000000000000,115.7108564453788,60.52281997912993,1.000000000000000,234.0000000000000,83.68387140531746,46.14123389861587
"S13K064",17005,2.323836980500000,1.000000000000000,227.0000000000000,99.48962069979414,55.02554496384556,7.000000000000000,241.0000000000000,110.9117318435754,55.34101340429218,1.000000000000000,209.0000000000000,82.80311673037342,42.24844105145333
"S13K069",8768,1.198200684800000,1.000000000000000,231.0000000000000,79.49692062043795,51.04284205871929,2.000000000000000,233.0000000000000,80.52588959854016,48.41333070612455,1.000000000000000,193.0000000000000,70.49515227557882,41.01830882830677
"S13K070",10025,1.369977402500000,1.000000000000000,207.0000000000000,81.20768079800499,40.88738061936061,1.000000000000000,192.0000000000000,72.47740197545643,39.10172099879487,1.000000000000000,200.0000000000000,63.20742663206227,36.34120162783660
"S13K072",1402,0.1915918522000000,6.000000000000000,208.0000000000000,79.63195435092726,44.52725819830895,4.000000000000000,205.0000000000000,74.64265335235378,42.67325159969683,2.000000000000000,198.0000000000000,71.20970042796006,40.12776123878885
"S13K079",17202,2.350758232200000,7.000000000000000,255.0000000000000,130.6598651319613,62.19023947805033,5.000000000000000,254.0000000000000,121.5772003255435,60.68774299442067,1.000000000000000,225.0000000000000,97.27808139534881,51.01163861952369
"S14K324",10577,1.445411569700000,1.000000000000000,233.0000000000000,88.27796161482468,57.68726887491739,3.000000000000000,251.0000000000000,104.2592417509690,61.00686108143056,1.000000000000000,224.0000000000000,79.10419229677304,47.10325133795133
"S14K328",10896,1.489004865600000,1.000000000000000,252.0000000000000,96.34453010278997,58.84307787703327,5.000000000000000,251.0000000000000,103.2410058737151,57.28234870378560,2.000000000000000,231.0000000000000,90.84636563876651,48.21762926578604
"S14K336",15034,2.054487807400000,1.000000000000000,255.0000000000000,98.15637887455097,59.90757829709080,4.000000000000000,255.0000000000000,106.9549022216310,59.29400571892452,1.000000000000000,235.0000000000000,84.31736845606338,48.68308499306783
"S14K338",17206,2.351304856600000,2.000000000000000,249.0000000000000,85.94374055562011,51.81437008638504,2.000000000000000,247.0000000000000,86.52557247471809,50.24672879514325,1.000000000000000,202.0000000000000,73.75979309543190,42.33822809199027
"S14K341",20815,2.844496721500000,1.000000000000000,252.0000000000000,93.32985827528221,56.75466259603720,3.000000000000000,255.0000000000000,105.0755224597646,58.62644964187975,1.000000000000000,220.0000000000000,75.70842363820262,46.64609463319235
"S14K351",6753,0.9228386433000001,4.000000000000000,218.0000000000000,96.16422330815932,47.91006718190131,1.000000000000000,224.0000000000000,81.86717014660150,45.76853898136761,3.000000000000000,232.0000000000000,83.97941655560491,45.03727415403704
"S14K352",20994,2.868958163400000,1.000000000000000,251.0000000000000,97.97580261026974,56.94421339044892,2.000000000000000,252.0000000000000,97.14331983805667,55.51206530672281,1.000000000000000,253.0000000000000,81.41830221036587,48.84356424545835
"S14K353",12120,1.656271932000000,1.000000000000000,219.0000000000000,100.5292904290429,49.50673231416024,9.000000000000000,243.0000000000000,125.3033828382838,54.36633255484152,1.000000000000000,202.0000000000000,77.91153655718767,40.59114351083027
"S14K359",10281,1.404961364100000,1.000000000000000,233.0000000000000,97.24948934928521,56.95297146880369,6.000000000000000,252.0000000000000,113.2146678338683,59.01253348053211,1.000000000000000,215.0000000000000,79.62210546798990,45.94179006210899
"S15K011",8551,1.168546311100000,1.000000000000000,217.0000000000000,64.66120921529644,47.06096273162807,4.000000000000000,238.0000000000000,81.41651075771755,51.14521758027132,1.000000000000000,204.0000000000000,62.93437828985849,41.74205528580249
"S15K015",12124,1.656818556400000,1.000000000000000,237.0000000000000,92.66446717255032,54.71777646849500,6.000000000000000,241.0000000000000,102.0341471461563,55.92531628570801,1.000000000000000,239.0000000000000,69.67145096098331,41.17952413698612
"S15K016",6021,0.8228063781000000,18.00000000000000,244.0000000000000,139.0330509882080,47.08764786936514,10.00000000000000,223.0000000000000,124.5814648729447,46.82926735468658,4.000000000000000,216.0000000000000,112.9676133532636,45.16381163236155
"S15K022",15886,2.170918804600000,6.000000000000000,251.0000000000000,122.5633891476771,55.76918893252141,9.000000000000000,251.0000000000000,120.9665743421880,53.90143328897629,1.000000000000000,194.0000000000000,85.82015611230015,42.08342448854672
"S15K032",15455,2.112020025500000,1.000000000000000,249.0000000000000,95.48087997411844,57.92396386206219,8.000000000000000,254.0000000000000,111.3145907473310,60.32297271032824,1.000000000000000,224.0000000000000,84.96486346576943,47.17802860741782
"S15K044",16316,2.229680927600000,1.000000000000000,241.0000000000000,104.5865408188281,58.71283492250808,5.000000000000000,246.0000000000000,105.8239259667831,56.56602293714515,1.000000000000000,205.0000000000000,86.59721711413509,48.84711079024244
"S15K045",11240,1.536014564000000,4.000000000000000,254.0000000000000,116.6819395017794,59.89572153576397,10.00000000000000,254.0000000000000,120.1098754448399,58.26956825136223,2.000000000000000,238.0000000000000,99.30284697508897,49.49628027169977
"S15K046",4973,0.6795907853000001,9.000000000000000,252.0000000000000,121.2095314699376,53.38450527918681,8.000000000000000,250.0000000000000,113.0281520209129,49.95233057214765,11.00000000000000,216.0000000000000,103.9752664387694,42.78419710215184
"S15K047",11316,1.546400427600000,4.000000000000000,254.0000000000000,121.1507599858607,61.28679695205152,11.00000000000000,254.0000000000000,129.1291092258749,61.46837229729260,2.000000000000000,218.0000000000000,95.05054789678327,45.71960217103962
"S15K057",2022,0.2763186342000000,3.000000000000000,203.0000000000000,91.27942631058357,51.75282442810494,7.000000000000000,180.0000000000000,84.10929772502470,44.28476541541629,5.000000000000000,180.0000000000000,76.40702274975270,37.53560091578832
"S15K058",8148,1.113473902800000,7.000000000000000,249.0000000000000,108.0358370152184,53.00480596795396,5.000000000000000,239.0000000000000,95.23969072164948,47.96133636264231,6.000000000000000,209.0000000000000,88.95385370643105,41.88012469662181
"S15K075",8928,1.220065660800000,12.00000000000000,247.0000000000000,141.2937948028674,51.74863673861516,14.00000000000000,250.0000000000000,133.7280465949820,50.28298512132280,10.00000000000000,220.0000000000000,119.4793906810036,45.27268266475040
"S15K103",2367,0.3234649887000000,5.000000000000000,235.0000000000000,112.8863540346430,52.92293488526858,9.000000000000000,227.0000000000000,110.1085762568652,50.72613512189643,4.000000000000000,198.0000000000000,88.77059569074780,41.23036141271615
"S15K104",1211,0.1654905371000000,10.00000000000000,212.0000000000000,101.6738232865401,45.15311105760395,5.000000000000000,192.0000000000000,96.05367464905036,44.68491630013709,2.000000000000000,170.0000000000000,71.79521056977707,36.98678803896190
"S15K106",7761,1.060587992100000,3.000000000000000,247.0000000000000,113.4952969978095,61.36315350463632,8.000000000000000,253.0000000000000,118.2890091483056,60.40631831890936,6.000000000000000,247.0000000000000,95.40986986213120,44.91541765117467
"S15K113",12641,1.727469760100000,3.000000000000000,244.0000000000000,127.7293726762124,55.84748471830381,15.00000000000000,253.0000000000000,145.6364211692114,59.60582613165030,1.000000000000000,198.0000000000000,88.39088463364456,42.29988710003022
"S15K115",2872,0.3924763192000000,1.000000000000000,223.0000000000000,93.54456824512535,53.73239643616104,9.000000000000000,247.0000000000000,114.5480501392758,55.40891141303880,4.000000000000000,198.0000000000000,90.41538997214482,47.70566555312563
"S15K116",15847,2.165589216700000,3.000000000000000,241.0000000000000,114.2616268063356,56.16007827609025,7.000000000000000,248.0000000000000,124.4346564018427,57.47150053848562,1.000000000000000,189.0000000000000,71.48131313131310,38.20545875456560
"S15K120",7343,1.003465742300000,8.000000000000000,228.0000000000000,117.0863407326705,53.36862813052108,16.00000000000000,249.0000000000000,128.9290480729948,54.67995592746616,1.000000000000000,170.0000000000000,80.08674928503338,36.64617599083823
"S15K121",17898,2.445870877800000,11.00000000000000,254.0000000000000,127.3590904011621,51.70763975733987,9.000000000000000,254.0000000000000,120.7143256229746,50.82643064075645,1.000000000000000,199.0000000000000,81.67696864695701,40.65037776627381
"S15K126",21104,2.883990334400000,1.000000000000000,254.0000000000000,105.1910064442759,60.84077512011709,3.000000000000000,254.0000000000000,109.3604056103109,61.53317286694168,1.000000000000000,214.0000000000000,81.76739666287442,48.40866056211040
"S15K137",809,0.1105547849000000,22.00000000000000,213.0000000000000,105.6044499381953,45.08582881983609,13.00000000000000,205.0000000000000,92.68850432632883,43.67730882053913,11.00000000000000,184.0000000000000,79.26081582200246,36.15296791326503
"S15K138",14997,2.049431531700000,4.000000000000000,253.0000000000000,115.4094818963793,62.28264117780204,6.000000000000000,251.0000000000000,118.1376942055078,60.39323805100190,1.000000000000000,198.0000000000000,83.03380676135230,44.53502392005213
"S15K147",12231,1.671440759100000,9.000000000000000,243.0000000000000,118.5620963126482,54.30182644724756,21.00000000000000,251.0000000000000,135.4249856920939,55.68740939711246,5.000000000000000,207.0000000000000,90.86730439048318,39.64899514009707
"S15K150",19358,2.645388783800000,5.000000000000000,252.0000000000000,113.3710094017977,56.20714213892703,7.000000000000000,254.0000000000000,124.6369459654923,57.65454733447760,1.000000000000000,189.0000000000000,72.47251152909480,40.74106140913343
"S15K151",10236,1.398811839600000,5.000000000000000,251.0000000000000,122.0865572489254,62.25719955916292,12.00000000000000,254.0000000000000,127.6801484955061,61.83865323027401,2.000000000000000,208.0000000000000,92.39273153575613,46.41085526039774
"S15K167",10358,1.415483883800000,2.000000000000000,232.0000000000000,88.92633713072024,52.52883619830388,5.000000000000000,250.0000000000000,104.2167406835296,54.89008249612971,1.000000000000000,217.0000000000000,89.70959644719059,44.69533230825266
"S15K168",15847,2.165589216700000,2.000000000000000,244.0000000000000,97.53833533160856,58.84928159325126,4.000000000000000,248.0000000000000,109.8150438568815,61.18538592722136,1.000000000000000,212.0000000000000,76.15986867028663,47.92446410555560
"S15K171",18424,2.517751986400000,2.000000000000000,254.0000000000000,111.0989470256188,59.67711644502238,6.000000000000000,255.0000000000000,123.8457989578810,61.48323410080769,1.000000000000000,226.0000000000000,97.30367998263141,52.76225143192347
"S15K178",16156,2.207815951600000,2.000000000000000,250.0000000000000,94.40282248081208,56.81948285924583,5.000000000000000,251.0000000000000,98.11995543451353,55.32020826670946,3.000000000000000,250.0000000000000,89.98155484030696,48.55799322964017
"S15K180",20416,2.789970937600000,4.000000000000000,232.0000000000000,90.39625783699061,52.40748623036114,4.000000000000000,232.0000000000000,92.39797217868335,51.14746583296069,2.000000000000000,214.0000000000000,83.66095219435741,45.51253342277665
"S15K184",17084,2.334632812400000,1.000000000000000,249.0000000000000,104.2553851557012,58.97575233909412,2.000000000000000,254.0000000000000,107.7331421212830,57.82786689983500,1.000000000000000,252.0000000000000,97.26299461484427,51.49642544590607
"S15K186",21813,2.980879509300000,1.000000000000000,255.0000000000000,127.3762893687252,65.03598695460269,5.000000000000000,255.0000000000000,135.3070187502866,64.64164391456001,1.000000000000000,237.0000000000000,95.52853142358714,54.29744779545691
"S15K199",16836,2.300742099600000,1.000000000000000,208.0000000000000,89.80535756711808,49.86614286410172,5.000000000000000,232.0000000000000,108.1584040847830,52.10269983296192,1.000000000000000,191.0000000000000,72.87824019024967,41.02444215088040
"S15K200",1979,0.2704424219000000,6.000000000000000,227.0000000000000,91.16270843860535,41.35619038617090,5.000000000000000,210.0000000000000,77.34158665992923,42.28193378835282,10.00000000000000,201.0000000000000,81.46437594744820,42.29627457022507
"S15K227",20038,2.738314931800000,1.000000000000000,251.0000000000000,93.49066773131040,57.00733103320098,4.000000000000000,255.0000000000000,115.1746681305520,60.30560021304493,1.000000000000000,252.0000000000000,87.22866127583113,48.11787485780519
"SM",15815,2.161216221500000,4.000000000000000,254.0000000000000,133.4986405311413,58.90937006469954,13.00000000000000,254.0000000000000,139.8373063547266,58.68277356964651,3.000000000000000,218.0000000000000,101.9515649699652,46.42015280827750
"SW17K848",14911,2.037679107100000,3.000000000000000,251.0000000000000,97.78002816712493,53.02311638698291,2.000000000000000,243.0000000000000,100.0623029977869,50.47104017897948,1.000000000000000,241.0000000000000,93.13037354972842,45.19128029249452
"SW17K858",8081,1.104317944100000,2.000000000000000,228.0000000000000,90.39351565400322,52.81471514801415,7.000000000000000,228.0000000000000,102.4233386957060,54.61224561469207,1.000000000000000,192.0000000000000,77.04640514787773,43.47727527234909
"SW17K896",15904,2.173378614400000,1.000000000000000,234.0000000000000,95.38172786720327,52.90103491493581,5.000000000000000,243.0000000000000,105.8336372209997,54.42184798390554,1.000000000000000,193.0000000000000,76.73831834475813,42.08129609064714
"SXYH",21049,2.876474248900000,3.000000000000000,250.0000000000000,115.4116585110932,56.15125564913912,9.000000000000000,254.0000000000000,126.3979761508860,57.64089424008161,1.000000000000000,199.0000000000000,78.72988779003428,44.05965525375886
"W059",14835,2.027293243500000,1.000000000000000,220.0000000000000,97.79966295921813,46.82673305168863,10.00000000000000,248.0000000000000,116.5021907650826,47.86426127077956,1.000000000000000,221.0000000000000,86.98469731697452,41.57779260634185
"W066",13180,1.801127398000000,1.000000000000000,207.0000000000000,82.49355083459791,45.34402682587046,8.000000000000000,235.0000000000000,101.2015627370657,47.49880384360932,1.000000000000000,199.0000000000000,76.86852287383353,42.89315089602420
"W066x",6729,0.9195588969000000,6.000000000000000,211.0000000000000,101.3791053648388,45.78185216703206,15.00000000000000,234.0000000000000,113.8907712884530,46.48581655770941,4.000000000000000,203.0000000000000,85.32961807103581,39.79702310507568
"W1021",3602,0.4922352722000000,9.000000000000000,224.0000000000000,108.0966129927817,47.19828945861956,9.000000000000000,215.0000000000000,109.8678511937812,47.15640456878101,10.00000000000000,212.0000000000000,106.8292615213770,50.22979130373734
"W1052",5546,0.7578947306000000,5.000000000000000,253.0000000000000,128.0946628200506,56.90768837209639,11.00000000000000,254.0000000000000,127.5784349080419,54.90588780747435,4.000000000000000,219.0000000000000,101.9109267940858,42.67733278456350
"W1054",10127,1.383916324700000,4.000000000000000,232.0000000000000,93.31499950627033,50.49412873292925,3.000000000000000,240.0000000000000,92.23580527303250,47.69635020349405,4.000000000000000,209.0000000000000,87.31766564629208,43.85920395807989
"W1062",20010,2.734488561000000,3.000000000000000,247.0000000000000,106.8102448775613,56.05040127976225,7.000000000000000,254.0000000000000,117.2928535732134,57.82230327013177,1.000000000000000,226.0000000000000,95.49205397301344,47.96679680477961
"W1063",16826,2.299375538600000,13.00000000000000,255.0000000000000,135.1434090098657,59.04849944763112,13.00000000000000,255.0000000000000,134.0422560323310,59.21020200232957,3.000000000000000,232.0000000000000,100.6063235468917,49.33381956205053
"W1067",10973,1.499527385300000,1.000000000000000,222.0000000000000,74.61578419757586,50.05973659590239,1.000000000000000,220.0000000000000,70.52583614326075,51.48181363376073,3.000000000000000,224.0000000000000,79.70147621651174,52.63471996801965
"W1069",17789,2.430975362900000,3.000000000000000,246.0000000000000,102.5023891168700,56.58498206228310,6.000000000000000,254.0000000000000,119.1698802630839,61.75303653185208,1.000000000000000,217.0000000000000,84.77360400382382,47.43423990754738
"W1077",17178,2.347478485800000,1.000000000000000,234.0000000000000,89.87454884154148,51.81894931159518,1.000000000000000,217.0000000000000,82.85194457382391,50.21729579918553,1.000000000000000,217.0000000000000,85.79293282105021,49.37780449280165
"W1079",23132,3.161128905200000,1.000000000000000,253.0000000000000,113.0184160470344,59.43533312653778,3.000000000000000,254.0000000000000,121.4242607643091,59.92521902490676,1.000000000000000,243.0000000000000,94.18516435986159,50.54655570360645
"W1081",28664,3.917110450400000,1.000000000000000,237.0000000000000,85.00648897571871,50.39017591214148,4.000000000000000,246.0000000000000,91.87378776250604,50.47018672019224,1.000000000000000,248.0000000000000,64.68199113345202,39.95613952721978
"W1086",16409,2.242389944900000,2.000000000000000,254.0000000000000,109.4439636784691,60.12336411916748,10.00000000000000,254.0000000000000,119.6935827899324,61.13760014530974,1.000000000000000,234.0000000000000,91.09592296910232,49.20352773399912
"W1103",18844,2.575147548400000,2.000000000000000,224.0000000000000,95.94762258543834,42.90245530259833,8.000000000000000,242.0000000000000,114.5845361918914,44.57279056618741,1.000000000000000,214.0000000000000,77.28608575673960,39.27782153908490
"W1105",18117,2.475798563700000,1.000000000000000,206.0000000000000,77.26488933046311,43.12821761917358,4.000000000000000,237.0000000000000,102.6242621503834,47.43181186109671,1.000000000000000,214.0000000000000,79.84113232535037,41.40989236249554
"W1111",19492,2.663700701200000,2.000000000000000,217.0000000000000,67.24435665914226,42.05356392066741,1.000000000000000,221.0000000000000,61.65575284819873,41.52298168745677,2.000000000000000,231.0000000000000,67.26061974143245,40.70876481161621
"W1113",20014,2.735035185400000,2.000000000000000,254.0000000000000,88.92989907065052,51.97206865299631,1.000000000000000,254.0000000000000,82.30519318238620,49.57205874097898,1.000000000000000,227.0000000000000,73.92738630684659,43.17317117604360
"W1136",17415,2.379865981500000,1.000000000000000,246.0000000000000,103.5246052253804,59.51180026204545,7.000000000000000,252.0000000000000,121.1175423485500,62.63851694928133,1.000000000000000,215.0000000000000,80.99218839747276,46.00775204444615
"W1392",14022,1.916191834200000,11.00000000000000,230.0000000000000,112.6062615889317,51.76331086427930,21.00000000000000,252.0000000000000,129.0315932106690,53.22753344139422,1.000000000000000,216.0000000000000,87.98602196548281,40.95325271682631
"W1844",12769,1.744961740900000,7.000000000000000,254.0000000000000,116.9339807345916,55.61332341030599,13.00000000000000,249.0000000000000,125.2115279191792,54.17145317902916,2.000000000000000,210.0000000000000,88.98394549299087,47.55427557081169
"W287",12399,1.694398983900000,4.000000000000000,251.0000000000000,105.2643761593678,51.97740411360715,13.00000000000000,254.0000000000000,122.6512621985643,52.66692944486203,2.000000000000000,212.0000000000000,85.61867892571978,44.51304442394149
"W306",9059,1.237967609900000,2.000000000000000,234.0000000000000,95.91301468153216,57.15111253419218,8.000000000000000,250.0000000000000,114.0421633554084,59.78486275761004,1.000000000000000,223.0000000000000,90.84194260485651,45.87579961324445
"W455",12247,1.673627256700000,1.000000000000000,249.0000000000000,110.7575732832530,55.09925066698460,16.00000000000000,252.0000000000000,127.8972809667674,57.04113484839770,4.000000000000000,215.0000000000000,98.87368335102478,44.00963436248088
"W550",15747,2.151923606700000,2.000000000000000,231.0000000000000,88.95243538451766,52.49608222945137,9.000000000000000,243.0000000000000,102.9595478503844,53.59386747819389,1.000000000000000,188.0000000000000,75.17382192302802,39.92411287409565
"W661",14223,1.943659710300000,5.000000000000000,255.0000000000000,131.1855445405331,64.26875292210576,11.00000000000000,255.0000000000000,138.0581452576812,63.77511164451332,4.000000000000000,243.0000000000000,111.2720241861772,51.94024409295127
"W665",18987,2.594689370700000,4.000000000000000,224.0000000000000,110.7108547953863,49.25509404212561,8.000000000000000,253.0000000000000,122.8016537631011,50.86146585527413,1.000000000000000,209.0000000000000,74.40073761854582,37.18632549214629
"W676",18121,2.476345188100000,3.000000000000000,240.0000000000000,114.5331935323658,58.14118477182635,8.000000000000000,253.0000000000000,127.9496164670824,62.89392897902880,1.000000000000000,215.0000000000000,98.46837748344366,49.53854272832873
"W711",5360,0.7324766960000001,8.000000000000000,212.0000000000000,86.16902985074627,43.10903662580336,12.00000000000000,209.0000000000000,91.95055970149252,42.40323913328300,4.000000000000000,201.0000000000000,81.88395522388063,39.63275578667677
"W730",4827,0.6596389947000001,10.00000000000000,246.0000000000000,125.9542158690698,46.87210663916238,7.000000000000000,222.0000000000000,120.5003107520199,44.16664170902834,6.000000000000000,219.0000000000000,109.7949036668738,44.69607954224146
"W760L",15036,2.054761119600000,1.000000000000000,242.0000000000000,94.76416600159608,56.42011856915590,7.000000000000000,253.0000000000000,112.1358073955839,59.11523508967238,1.000000000000000,204.0000000000000,76.48562874251502,44.17427514203487
"W777",21777,2.975959889700000,1.000000000000000,244.0000000000000,85.26275428204070,55.12241258520648,1.000000000000000,245.0000000000000,88.38424097713288,54.76222221001987,1.000000000000000,227.0000000000000,74.90405988793974,46.40893068910496
"W811",14752,2.015950787200000,1.000000000000000,232.0000000000000,84.72946041214757,46.49765238821642,4.000000000000000,234.0000000000000,97.55551789587857,46.97769800966181,1.000000000000000,197.0000000000000,68.73599620235998,37.61579362932416
"W812",18315,2.502856471500000,1.000000000000000,207.0000000000000,81.70668850668849,46.57325821816540,6.000000000000000,239.0000000000000,94.65334425334426,49.30292290505493,1.000000000000000,188.0000000000000,66.80607285238378,37.84010191847231
"W828",18581,2.539206994100000,4.000000000000000,250.0000000000000,120.3293148915558,55.23461844161380,2.000000000000000,245.0000000000000,107.7786448522684,53.08376941353620,2.000000000000000,217.0000000000000,97.06673483666113,47.04207816204794
"W834",12757,1.743321867700000,2.000000000000000,251.0000000000000,94.55444069922389,56.10258980945702,2.000000000000000,253.0000000000000,94.32562514697813,54.02434714208225,2.000000000000000,231.0000000000000,84.14313710119934,46.70127728517589
"W837",8470,1.157477167000000,10.00000000000000,254.0000000000000,129.3343565525383,61.83568197080332,12.00000000000000,255.0000000000000,127.2389610389610,58.86037235727227,2.000000000000000,223.0000000000000,100.0463990554900,47.95539358509559
"W847",14814,2.024423465400000,4.000000000000000,253.0000000000000,109.8535169434318,59.62166783096118,4.000000000000000,253.0000000000000,104.4895369245308,57.28526828967932,2.000000000000000,240.0000000000000,96.96314297286351,50.17686391205704
"W878",10265,1.402774866500000,1.000000000000000,229.0000000000000,103.7261568436435,51.26462419610613,3.000000000000000,220.0000000000000,98.71544081831465,46.41936013755171,1.000000000000000,205.0000000000000,90.14719922065268,40.90902566599354
"W919",15857,2.166955777700000,1.000000000000000,238.0000000000000,96.15526266002394,56.05974031617560,1.000000000000000,232.0000000000000,92.03771205145992,53.45246212172031,1.000000000000000,213.0000000000000,79.83439490445856,47.18094497979423
"W931",12571,1.717903833100000,1.000000000000000,245.0000000000000,93.48460742979869,47.94275107242818,4.000000000000000,248.0000000000000,95.39400206825236,45.46364656437565,3.000000000000000,214.0000000000000,88.66494312306099,41.97655020293931
"W940",18528,2.531964220800000,1.000000000000000,234.0000000000000,99.49077072538857,56.40726442378801,6.000000000000000,251.0000000000000,114.9207685664939,59.32839869567830,1.000000000000000,196.0000000000000,76.44352661699598,42.73952624638613
"W955",12347,1.687292866700000,3.000000000000000,237.0000000000000,107.2961853081720,59.88653335732291,7.000000000000000,246.0000000000000,110.1933263140844,57.17719347711423,1.000000000000000,194.0000000000000,73.89452365521709,39.41709962483187
"XBYL",14976,2.046561753600000,1.000000000000000,236.0000000000000,106.2096020299145,61.59432310161208,11.00000000000000,253.0000000000000,121.2512686965812,63.91653336282813,1.000000000000000,196.0000000000000,82.67679465776291,44.52300336506838
"Y7",11421,1.560749318100000,6.000000000000000,254.0000000000000,116.1212678399440,58.76094006575885,14.00000000000000,255.0000000000000,121.3159968479117,56.70186152562139,5.000000000000000,226.0000000000000,96.89107783906839,44.75444043641775
"YDL",13860,1.894053546000000,2.000000000000000,250.0000000000000,104.1699855699856,62.58905857122224,7.000000000000000,255.0000000000000,119.9644300144301,64.55779270011762,2.000000000000000,208.0000000000000,83.94834054834055,45.70555112088433
"ZS",12337,1.685926305700000,2.000000000000000,222.0000000000000,79.28167301613033,50.35702155121448,1.000000000000000,221.0000000000000,74.27398037784803,51.86913816855165,3.000000000000000,225.0000000000000,83.63945853935316,51.63866363180075
"ZY",14210,1.941883181000000,1.000000000000000,208.0000000000000,76.41738212526388,43.17816212798043,1.000000000000000,209.0000000000000,69.68459210248470,45.96853410975973,2.000000000000000,217.0000000000000,77.67339901477834,47.26371216075044
"Zya",3679,0.5027577919000000,2.000000000000000,219.0000000000000,80.15411796683883,37.92378671037118,3.000000000000000,211.0000000000000,66.56754552867631,38.20987862602531,11.00000000000000,214.0000000000000,71.60125033976624,38.72070639056792
