name,COUNT,AREA,MIN (Band 1),MAX (Band 1),MEAN (Band 1),STDDEV (Band 1),MIN (Band 2),MAX (Band 2),MEAN (Band 2),STDDEV (Band 2),MIN (Band 3),MAX (Band 3),MEAN (Band 3),STDDEV (Band 3),MIN (Band 4),MAX (Band 4),MEAN (Band 4),STDDEV (Band 4),MIN (Band 5),MAX (Band 5),MEAN (Band 5),STDDEV (Band 5)
"BDWY",9788,1.337589906800000,0.04218246415257454,0.4901136159896851,0.1918114680944533,0.09547203626377965,0.08674921840429306,1.185364961624146,0.4804878206097706,0.2503267390263682,0.08862694352865219,1.405154347419739,0.4675129145394493,0.2461794000172000,0.2406447827816010,4.468566894531250,1.683461059929218,0.9362015927721045,0.6855767369270325,9.027754783630371,3.778534033984662,1.945274442233811
"D130-7-1-1",18275,2.497390227500000,0.03361525386571884,0.5129302740097046,0.1514767806399129,0.08792430594589015,0.03874345123767853,0.6502814292907715,0.1931323952907658,0.1116517664960796,0.07613717764616013,1.226983666419983,0.3250879676776611,0.2014993313158601,0.2601193785667419,3.812054395675659,1.314544817678905,0.7750386739504849,0.7342154383659363,8.887868881225586,3.628074604294042,1.876312889319621
"D135-6-2",12335,1.685652993500000,0.04072730988264084,0.9767947196960449,0.2204525458218358,0.1048703413922513,0.05552445352077484,1.169400930404663,0.3512595015583637,0.2059562731802609,0.08452303707599640,2.638074398040771,0.5154922147088560,0.2941967606425349,0.2478146255016327,4.418004035949707,1.619068477446850,0.9537272346358885,0.6872017383575439,9.302338600158691,3.933909797755436,2.109287908970971
"E6",8524,1.164856596400000,0.01307347603142262,0.3534789681434631,0.06544729179459267,0.04384517139775308,0.01505111902952194,0.3671602308750153,0.07209037471753171,0.04723165281860772,0.04007454589009285,0.7403956651687622,0.1968020139483220,0.1064734238656013,0.07058206200599670,0.9297044277191162,0.3535476429462223,0.1728631174708423,0.6261815428733826,7.485460758209229,2.947071365763859,1.542115120902170
"F11",11283,1.541890776300000,0.02175869420170784,0.4127495884895325,0.07676962817169158,0.04232670913664793,0.03158566728234291,0.4040499031543732,0.1250398304509211,0.04745289253413840,0.07746794819831848,1.425607085227966,0.2656606652458687,0.1379756641198117,0.1414014846086502,1.857620716094971,0.6869486064421394,0.2940811997219777,0.7055051922798157,7.441415786743164,4.167588488166871,1.561291940667032
"F3",9141,1.249173410100000,0.01174749154597521,0.2042737603187561,0.04585004933284383,0.03373274447653532,0.01175319124013186,0.2076879292726517,0.04642606957043000,0.03219380228678734,0.05696905031800270,0.8938562870025635,0.2252949846130256,0.1214589370073948,0.05741277337074280,0.6783578395843506,0.2517381825136604,0.1199259514794376,0.5751610994338989,5.483981609344482,2.497974422584150,1.264814866624067
"GL",7217,0.9862470737000001,0.01938128657639027,0.1652924418449402,0.06050894490174882,0.02784021115661482,0.02983400411903858,0.2987306416034698,0.1215589767688693,0.05046526471362094,0.06959442049264908,0.8154417276382446,0.2668313965701045,0.1193853694879261,0.06857414543628693,0.8043553233146667,0.3615958202799074,0.1716050833089353,0.5968399047851563,6.206646919250488,3.041152392726072,1.530346031104920
"GLSJNCT",9089,1.242067292900000,0.04696378856897354,0.6287071704864502,0.1835217846108488,0.08994613053811076,0.04111927002668381,0.7723322510719299,0.2113907706229773,0.1316818938774362,0.09924557060003281,1.691595077514648,0.4355009882807707,0.2694801805609632,0.2447049468755722,4.535292625427246,1.529048982123584,1.005538015125048,0.6560823321342468,8.561968803405762,3.395930146807715,1.935355177495382
"GWAS-W01",41360,5.652096296000001,0.03041273355484009,0.7417294383049011,0.1339414574849874,0.06798797297248918,0.04024029150605202,1.125607371330261,0.2466479436131429,0.1402431574749693,0.06278030574321747,1.482278823852539,0.3353367676401809,0.1837783436439303,0.2523365020751953,3.567779541015625,1.159611670488431,0.5308137517006420,0.7178426384925842,8.985974311828613,3.392079470508392,1.322716881950531
"GWAS-W02",25248,3.450293212800000,0.03153039515018463,0.5935782790184021,0.1491414381295009,0.06745988356229254,0.05344661697745323,0.9593733549118042,0.2530002057275242,0.1196050306241579,0.07272798568010330,1.829163432121277,0.4043930120635142,0.2204352584162892,0.2750754654407501,3.231486558914185,1.127363824048309,0.4991051980309670,0.8127512931823730,6.712720394134521,2.984756384141677,1.140536184325222
"GWAS-W12",21112,2.885083583200000,0.03684872388839722,0.4924108684062958,0.1533349909381705,0.06728620698948080,0.04364036023616791,0.9572974443435669,0.3133713086176270,0.1496220877884414,0.06714703142642975,1.239052534103394,0.3291118424897502,0.1490044749864495,0.2884054780006409,3.407311677932739,1.397140628087584,0.5586553013738776,0.8566690683364868,9.143086433410645,4.134179080710486,1.604500060243019
"GWAS-W22",29826,4.075904838600001,0.03700555488467216,0.9239169955253601,0.1955258041130145,0.1048102437257773,0.04547958076000214,1.109684824943542,0.2727417498920655,0.1424648031814483,0.07984586060047150,3.721810340881348,0.5816343818795392,0.3867561849359368,0.2693001627922058,4.172854423522949,1.305295032765004,0.5791128637684991,0.7723489403724670,7.496774196624756,3.205627533487093,1.256254622370500
"GWAS-W27",26752,3.655823987200000,0.03173002600669861,0.9331354498863220,0.1660312696380383,0.08856870749721993,0.02673318795859814,0.6385355591773987,0.1772832271424913,0.09161560404813823,0.05797289684414864,2.210299730300903,0.4475123610851043,0.2989016832069122,0.1942967921495438,3.778955459594727,1.264835819622066,0.5962667818703919,0.4386602342128754,6.835730552673340,2.503821628516915,1.131511585629128
"GWAS-W30",11638,1.590403691800000,0.04046199098229408,0.7977371215820313,0.1716164425245919,0.09004111602776060,0.04700648784637451,1.011216640472412,0.2475874368066148,0.1241636637143310,0.08570232987403870,2.304724216461182,0.4704588966357390,0.3093561331452231,0.2320871353149414,3.720036029815674,1.316458239878683,0.5928235903059164,0.7000726461410522,7.640913009643555,3.493439761146810,1.371331915553593
"GWAS-W35",9592,1.310805311200000,0.03095667995512486,0.6675113439559937,0.1401024631955106,0.08005225800668844,0.02601046487689018,0.4341108500957489,0.1281895353276286,0.06254230616604549,0.06008570641279221,1.111759901046753,0.3656337514195011,0.1855935660993276,0.2075831592082977,2.248207092285156,0.8752673560546855,0.3629759094283961,0.3053544163703918,5.059590339660645,1.649879336071273,0.6841122115287582
"GWAS-W42",17147,2.343242146700000,0.04052574187517166,0.4867340624332428,0.1555078527835560,0.07111023222294770,0.04260234534740448,0.5828191637992859,0.1895591722134461,0.07123055271734745,0.07905550301074982,1.226991176605225,0.3326215235478515,0.1463882656311438,0.2851936519145966,2.981145858764648,1.362287135633663,0.5029730120553314,0.8453108668327332,8.685799598693848,4.135379168582936,1.539060228907072
"GWAS-W43",9392,1.283474091200000,0.04939528927206993,0.4695069193840027,0.1721036349850814,0.07437205865744557,0.1001880243420601,0.9159450531005859,0.3499699951676269,0.1335034149549768,0.1063573658466339,1.108414888381958,0.3642528754503511,0.1573939088102610,0.3207892775535583,3.362174034118652,1.307610896347786,0.4675243794134702,0.9778543710708618,7.413761138916016,3.440094683522412,1.184318770100951
"GWAS-W44",948,0.1295499828000000,0.06698424369096756,0.5481562614440918,0.2668514933342797,0.1045793025401819,0.06670337170362473,0.4749363660812378,0.2359489375010195,0.08423806153892489,0.2381369471549988,1.997475862503052,0.9776893544486306,0.3376561415471184,0.3357433676719666,2.906204938888550,1.361709334239175,0.4873372304192823,0.9963738322257996,6.098021030426025,2.929544340897714,1.018746816363361
"GWAS-W7",26073,3.563034495300000,0.02914191223680973,0.5361561775207520,0.1166932357587537,0.05520777604811373,0.03997392952442169,0.8756157755851746,0.1883376744446742,0.08771809919970361,0.04566327482461929,1.557195425033569,0.3062500018991223,0.1712291106590795,0.2167035788297653,3.268731594085693,1.016822640831056,0.3800064687541425,0.5278857946395874,4.971123695373535,2.205994894336933,0.7493032890899486
"H20K0130",14978,2.046835065800000,0.03696404024958611,0.4834183752536774,0.1566492629692999,0.07958186111354616,0.06352585554122925,0.7074577212333679,0.2824682365600028,0.1291627358111507,0.06923554837703705,0.9637364745140076,0.3143445505671194,0.1536754702747626,0.2636382281780243,3.204342365264893,1.314473911560747,0.6519003257529888,0.8310292363166809,8.341787338256836,3.770637837012151,1.815786250155170
"H20K1173",7989,1.091745582900000,0.04100142046809196,0.5762804150581360,0.1641043445851064,0.08694357551494883,0.04402130097150803,0.4174382090568542,0.1812212481285264,0.07902637766226930,0.08945234119892120,1.076706528663635,0.3745036360003693,0.1954956783031691,0.2530390620231628,3.220534086227417,1.390800949233183,0.6755607709340747,0.7376340031623840,7.512350082397461,3.478933008834170,1.633619191398607
"H20K1176",10867,1.485041838700000,0.03759038075804710,0.5990210771560669,0.1780418094936279,0.09709888746676815,0.04183083772659302,0.6766685843467712,0.2205591384282714,0.1308671616090280,0.08742927014827728,1.422193288803101,0.4231946741872610,0.2548371816199633,0.2525084614753723,3.869531393051147,1.360378122325873,0.8142018241532937,0.7125247716903687,8.886680603027344,3.686276188273653,1.930070711349948
"H20K1180",19971,2.729158973100000,0.02838461846113205,0.5452734827995300,0.1302502952338125,0.07056065165698996,0.02333121933043003,0.3989297747612000,0.1091260990719890,0.05752852749372198,0.07339142262935638,1.228605151176453,0.3507731064544481,0.1824473877739773,0.2278741896152496,3.328713893890381,1.285273095237600,0.6325490433208492,0.7366244792938232,9.030099868774414,4.173180557629609,1.942918928406891
"H20K2807",8804,1.203120304400000,0.04377397894859314,0.5906844735145569,0.1989446163028546,0.09330609677457175,0.08545465767383575,1.211102604866028,0.4931829134463546,0.2630301869199201,0.08793837577104568,1.330713152885437,0.4541653983281425,0.2425718659185731,0.2803339958190918,4.127489089965820,1.719089310384376,0.9300446069443574,0.7908028960227966,8.562885284423828,3.839633054973750,1.868507049415837
"H20K2905",8991,1.228674995100000,0.01554069109261036,0.2249390035867691,0.05959570981970670,0.03480209804947725,0.01662369072437286,0.2392461001873016,0.06050663113348771,0.03243008051775679,0.06073427200317383,0.7423065900802612,0.2519175077310701,0.1205253766853862,0.06370104104280472,0.9388104677200317,0.3586707275612324,0.1757899668676439,0.5693894028663635,7.740922927856445,3.359532792898881,1.660363783161409
"Impulsion",4543,0.6208286623000000,0.05070002004504204,0.5097136497497559,0.1790596024694354,0.09048509069130649,0.07195660471916199,0.9420484900474548,0.3335530114969623,0.1710045183095884,0.1106671690940857,1.366497755050659,0.4600535844611142,0.2485846929922755,0.2624745965003967,4.190030097961426,1.637752359871977,0.8909222883871095,0.7273008823394775,8.917456626892090,3.796760355129972,1.910984069520475
"K005",22067,3.015590158700000,0.02992062270641327,1.312062621116638,0.1431106767889935,0.07467123121701522,0.02862638607621193,1.005739331245422,0.1492866133014097,0.08521270147159625,0.06987462937831879,2.339898824691772,0.3564897399204434,0.2048948134142373,0.2425451278686523,3.891678571701050,1.216890922642674,0.6609541726572025,0.6678650975227356,8.274742126464844,3.427623197505884,1.694015211188258
"K009",19022,2.599472334200000,0.02965923212468624,0.5637980699539185,0.1560402821337987,0.07781372298716636,0.02520585432648659,0.7806983590126038,0.1670814862480870,0.09932285428241275,0.06074113771319389,1.996999740600586,0.4075711849613162,0.2456066929551269,0.2383300065994263,3.764812469482422,1.297735539858474,0.7004285695637613,0.6769580245018005,8.452236175537109,3.527614348710693,1.745632292506492
"K011",7508,1.026013998800000,0.04975426569581032,0.4730958044528961,0.1873004909477766,0.08376550803165628,0.06493990123271942,0.9065760970115662,0.2845439662413594,0.1630674088413344,0.09862554073333740,1.798912882804871,0.4956952658683839,0.2900725869049848,0.2500711977481842,3.882349967956543,1.346629964154994,0.8243433335119429,0.7585648298263550,8.073611259460449,3.141866542585491,1.699211892555352
"K017",11633,1.589720411300000,0.02659173123538494,0.4210009574890137,0.1312791330956495,0.06197360537380266,0.02429407089948654,0.4180065691471100,0.1415819034710825,0.07192230107880623,0.05189716815948486,0.9729897975921631,0.2761027140070998,0.1521281626399676,0.2211265265941620,2.895458459854126,1.224264328701933,0.6152846310432276,0.4672827422618866,6.401573657989502,2.806992168721849,1.304772959873829
"K023",20513,2.803226579300000,0.01502808835357428,0.3021213710308075,0.06615341198806557,0.03399481545625087,0.01426404062658548,0.2395986914634705,0.07124470768478501,0.03606238537073062,0.04696446284651756,0.7813734412193298,0.2349070049573529,0.1209011520650540,0.05629827827215195,0.7859328389167786,0.3148931757972964,0.1565347256641285,0.5869905352592468,7.244521617889404,3.128759880451910,1.473465368165243
"K036",18023,2.462952890300000,0.03113308362662792,0.4861803650856018,0.1397775829274271,0.06579855831770638,0.04490206390619278,0.7545527815818787,0.2378047851475945,0.1133887907174139,0.05450399592518806,1.236083745956421,0.3120272837003394,0.1630321164377164,0.2538394331932068,3.000815629959106,1.311643185759665,0.5540940966040414,0.5541635155677795,7.217531681060791,3.058369704854615,1.325334373174559
"K053",12571,1.717903833100000,0.03923283889889717,0.5011078119277954,0.1673090914241356,0.07761396102885131,0.07447709143161774,1.124270439147949,0.3614357555112180,0.1794323060237767,0.07968387007713318,1.280202627182007,0.4099275052989590,0.2069075728425550,0.2593449056148529,3.327309608459473,1.330574578489648,0.6866388364554330,0.7302095293998718,7.308216094970703,3.456307663253552,1.626210193538101
"K054",20491,2.800220145100000,0.03312601149082184,0.7409488558769226,0.1620362865427281,0.07672077417256570,0.04958545416593552,0.9968948960304260,0.2729276236210137,0.1415500785664159,0.06776012480258942,1.553422451019287,0.4064204013834563,0.2160521626847918,0.2556727528572083,3.540334463119507,1.463409134147399,0.7055247929361075,0.6822876930236816,8.382613182067871,3.694184474441609,1.597677726028987
"K055",5296,0.7237307056000001,0.03735378012061119,0.5800791382789612,0.2069940115648724,0.1044176669437878,0.08498940616846085,1.111792206764221,0.4492603106483299,0.2197195692257310,0.08763037621974945,1.466741561889648,0.5195415265734373,0.2921943579852250,0.2591724395751953,3.406926155090332,1.493645502895882,0.7279158100972281,0.8338559865951538,8.068054199218750,3.604554001365724,1.628988627688221
"K058",20005,2.733805280500000,0.03158576413989067,0.6853454113006592,0.1761622723364228,0.09975896508236347,0.02970614098012447,1.474044442176819,0.2847018854506830,0.1903246028656472,0.06923520565032959,2.101868152618408,0.4513704134807292,0.3044068477810278,0.2654234766960144,4.431015491485596,1.462996285464042,0.8654059188555869,0.7599465847015381,8.780729293823242,3.580058946927706,1.810364535027129
"K066",17660,2.413346726000000,0.02465526573359966,0.4123011529445648,0.1194041092502478,0.06564314239684861,0.03787514567375183,0.6412757039070129,0.1828798666191399,0.1142155575395109,0.03611170500516891,0.7716262936592102,0.2167810459436674,0.1357067853930823,0.1749853044748306,2.964354276657104,0.9691147328250000,0.6041237526258596,0.4745550751686096,5.571884632110596,2.005364193707401,1.097954112931773
"K079",19874,2.715903331400000,0.03220151737332344,0.6382271647453308,0.1490318289775837,0.07845451163996138,0.03802547976374626,0.7306590080261230,0.2316003980564364,0.1284117908143722,0.07175374031066895,1.493566036224365,0.3568951016899485,0.2032393429170641,0.2358962148427963,3.933082580566406,1.469502904482281,0.7976399846308514,0.7488727569580078,8.806637763977051,3.941354274686779,1.873166158215069
"K180",5677,0.7757966797000000,0.01897415518760681,0.3799448609352112,0.09118135379434093,0.05711238518692265,0.02255071140825748,0.3377813696861267,0.1018171097738093,0.05584889958024366,0.05824736505746841,0.8030423521995544,0.2423812090439740,0.1223327799843194,0.09323070198297501,0.8881796598434448,0.3784858615875707,0.1724032227436503,0.7245699167251587,6.538956165313721,2.594157741179827,1.376911967975261
"K181",19380,2.648395218000000,0.03801506012678146,0.8859084844589233,0.2039754560426784,0.1127756225901365,0.04882584139704704,1.121400356292725,0.3056774340587273,0.1824544771168121,0.07647617906332016,2.651519536972046,0.4894008891997230,0.3153892233251239,0.2918456494808197,4.431633949279785,1.548741204992044,0.8602846825982097,0.8808999061584473,9.046854972839355,3.642930258799757,1.714802932935948
"K183",17184,2.348298422400000,0.03383807465434074,0.4813926815986633,0.1444298620461495,0.07708396664147457,0.04215828329324722,0.7837479114532471,0.2376884089581656,0.1306170210666408,0.07242503762245178,1.252691745758057,0.3327702935030630,0.1895232556497303,0.2197717130184174,3.846508502960205,1.440989154460364,0.8027671780391196,0.7375463843345642,9.225577354431152,4.086354824216613,2.050105231231580
"K186",5357,0.7320667277000000,0.04232285916805267,0.4873675704002380,0.1739164778748200,0.09043216994510138,0.04163465276360512,0.6993451714515686,0.2259622646604530,0.1211376116364737,0.08064202964305878,1.061820626258850,0.3437437619280298,0.2001273400646997,0.2248752713203430,3.514519453048706,1.432496395822290,0.7829508823667517,0.7509127855300903,8.875564575195313,3.968728068506004,2.013274263085357
"K197",20315,2.776168671500000,0.02766011655330658,0.5632230639457703,0.1635995310792893,0.08784186263822304,0.03353102505207062,0.9542402625083923,0.2451098856576009,0.1395822745195346,0.05092990025877953,2.066590547561646,0.3229729603470811,0.2076164635150732,0.2146657556295395,3.980362176895142,1.374853252127139,0.7590919784063143,0.5191701650619507,8.235605239868164,3.088822312631426,1.479770041732626
"K215",17677,2.415669879700000,0.02796678990125656,0.5252402424812317,0.1427478250410096,0.07420265997509796,0.03534397855401039,0.6710151433944702,0.2410966792205157,0.1226803312193902,0.06602545082569122,1.056548357009888,0.3508030172445227,0.1943209318968670,0.2158256322145462,3.608186244964600,1.324314689553788,0.6844267171192028,0.6750590205192566,9.780804634094238,4.267828325229364,2.053085980031295
"K219",18856,2.576787421600000,0.03820099309086800,0.5407716631889343,0.1810623691318493,0.07831996653700918,0.05502527952194214,1.017420768737793,0.3464378172624185,0.1693027839904636,0.07900681346654892,1.784149289131165,0.4728340983057318,0.2401033641706676,0.2490462660789490,3.929424047470093,1.461032579823267,0.7505706678358055,0.6716728210449219,8.223471641540527,3.649700918985245,1.711733416308570
"K233",16358,2.235420483800000,0.03243853151798248,0.5305936932563782,0.1752553019729111,0.09300838285383951,0.04137387499213219,0.8229553103446960,0.2269200121951775,0.1357655557815175,0.07795219868421555,1.488573074340820,0.4070965128803085,0.2505281422276922,0.2325711697340012,3.684834957122803,1.280872201499430,0.7627642531722959,0.7914853692054749,8.236232757568359,3.441585823264999,1.713194344050148
"K268",3180,0.4345663980000000,0.05200966447591782,0.4600005745887756,0.1779005606512323,0.07295571450409537,0.06637955456972122,0.7114073634147644,0.2837457986185385,0.1292273922043710,0.1028961241245270,1.272557497024536,0.4779319122433662,0.2202365693440169,0.2989123463630676,3.749135971069336,1.697686401309458,0.8180160004216300,0.8153324127197266,7.648167133331299,3.798028129470423,1.739487654469703
"K280",11860,1.620741346000000,0.03609938547015190,0.4522931873798370,0.1525305529622891,0.07487142298824023,0.06231012940406799,0.9161542654037476,0.3041953394996729,0.1662467304250360,0.07096770405769348,1.288211822509766,0.3600292793514355,0.2045395631956086,0.1994294226169586,2.863005638122559,1.138686990077037,0.6992940558050025,0.6444236040115356,8.389514923095703,3.455964230385439,2.013492400882882
"K286",11086,1.514969524600000,0.03481291979551315,0.4541125595569611,0.1521090632296147,0.07764907791707866,0.03729483857750893,0.6379572749137878,0.1653891137065025,0.09014837985122737,0.08123581111431122,1.165617942810059,0.3519791334151047,0.1941414310292665,0.2094698250293732,4.019263267517090,1.412794825877177,0.8590209533480390,0.6843078136444092,8.554428100585938,3.596657756765075,1.887654981277290
"K302",1664,0.2273957504000000,0.05686819553375244,0.3682371675968170,0.1523628430776835,0.06689738787488342,0.04786408692598343,0.5905105471611023,0.1828200357670610,0.1064791777393768,0.1465986669063568,1.653531670570374,0.4967265098284070,0.2864951043258568,0.2834913730621338,3.574845790863037,1.027522174319109,0.6612019837841603,0.7751402854919434,7.462579727172852,2.390279340880135,1.432454029793393
"K316",26838,3.667576411800000,0.03654264286160469,0.6203592419624329,0.1837895321852338,0.08432534379491263,0.06875742971897125,1.244339227676392,0.4626026242003663,0.2260366180898115,0.08971734344959259,1.756742238998413,0.5106989451633325,0.2542351392382374,0.3142145276069641,4.372939109802246,1.833839495304943,0.8582321795059554,0.9018885493278503,9.757413864135742,4.185838749875289,1.736399514248210
"K352",19096,2.609584885600000,0.03503262996673584,0.4942246079444885,0.1776271779017985,0.08836171647584007,0.05145657807588577,0.8386651873588562,0.2861810688537657,0.1452260997619676,0.08493665605783463,1.457356691360474,0.4793136198066601,0.2569441327494107,0.2947874963283539,4.146788120269775,1.634280210725298,0.7982937086159505,0.7991292476654053,8.772875785827637,3.946669581171030,1.679012612454487
"K353",23688,3.237109696800000,0.01539681758731604,0.4281514585018158,0.08220025011593379,0.05073675566415498,0.03006654605269432,0.7140328288078308,0.1659815114465496,0.08838271694811198,0.02435928583145142,0.7754915356636047,0.1446917480616919,0.08666540077269694,0.1406881064176559,2.802045345306396,0.9846395487107305,0.4785228804366616,0.4404850602149963,5.317063331604004,2.255882233987687,0.9776720895679405
"K354",16395,2.240476759500000,0.04281492158770561,0.8267775177955627,0.2099124688972110,0.1019767721956265,0.05797198042273521,1.006593585014343,0.3293847827553822,0.1617149717464831,0.09377047419548035,2.257220268249512,0.6122616959571588,0.3533610554697127,0.2795560956001282,4.492825508117676,1.656172993823717,0.8319016777489081,0.8329494595527649,8.773108482360840,3.742875768455585,1.714260093548958
"K359",19971,2.729158973100000,0.01072064228355885,0.2686162590980530,0.05361518743407619,0.03138257596806764,0.01324986666440964,0.3506388366222382,0.07025515872169598,0.03699283911225770,0.04418595507740974,1.073236465454102,0.2452648293086496,0.1200742859742661,0.07552700489759445,1.025537371635437,0.3482105183670621,0.1630450021817744,0.6727108955383301,7.200160980224609,2.955701024335575,1.363868146393211
"K383",11160,1.525082076000000,0.05104571580886841,0.8122018575668335,0.2257492579412931,0.1097451138538018,0.05472041293978691,0.8689114451408386,0.2750929751823987,0.1456862832995915,0.1052421927452087,2.146441221237183,0.6600447727761179,0.3647232794223941,0.2763592302799225,4.395941734313965,1.555197541113930,0.8520184093133338,0.7310479879379272,8.081390380859375,3.397093927737419,1.688768900940786
"K402",13504,1.845403974400000,0.04981511458754539,0.7871733307838440,0.2431822381781246,0.1204871996594399,0.06290804594755173,1.191436529159546,0.3684363403480053,0.1877801704058045,0.1150574386119843,2.270335197448730,0.6931171419106696,0.3716669086614388,0.2860125005245209,4.451653003692627,1.573230801026614,0.8351784003341918,0.8288089036941528,8.970696449279785,3.554590546759949,1.738325993032583
"K403",8384,1.145724742400000,0.04920005425810814,0.7611066102981567,0.2230081008840531,0.1130631472945907,0.06542117148637772,1.220821261405945,0.3463882967093888,0.2218355009188500,0.09678509086370468,1.884187340736389,0.5577857136194956,0.3475288397928062,0.2772935628890991,4.781995296478271,1.598160616548746,0.9919147153210085,0.7513858079910278,8.952041625976563,3.597764657483301,1.976549831029054
"K409",5534,0.7562548574000001,0.01256422419101000,0.2217249721288681,0.05017142515494224,0.03122236067539670,0.01383168902248144,0.2434627115726471,0.05167844950601480,0.03230744597223406,0.05729041993618011,0.9455179572105408,0.2612495165887748,0.1298428489127854,0.05729152262210846,0.5848073959350586,0.2532832978800192,0.1318681475957553,0.5787360668182373,5.327441215515137,2.248885844334997,1.260174139375364
"K412",4550,0.6217852550000000,0.01498114410787821,0.4587898254394531,0.06200759228932986,0.04554665104875342,0.01554523594677448,0.3907473683357239,0.06859385264525697,0.04483338804430047,0.04709304124116898,1.034022331237793,0.1981388605115832,0.1137382133329928,0.07764347642660141,0.9330208301544189,0.3967979888552493,0.2066397514946232,0.7010559439659119,6.900428771972656,2.955017494094242,1.552621438223412
"K414",9471,1.294269923100000,0.03029629588127136,0.5972566604614258,0.1381505799577427,0.06781463280683055,0.03384916484355927,0.8387063741683960,0.1403845343571627,0.07920248012368727,0.08065728098154068,1.524404048919678,0.3305885796829007,0.1700560818653220,0.2404603213071823,3.617465734481812,1.182981233524241,0.6525111712945861,0.8008450865745544,7.510308742523193,3.489487339905026,1.811523209267411
"K418",15338,2.096031261800000,0.04280524700880051,0.5539427995681763,0.1868006413481174,0.08539023720653283,0.04459146782755852,1.061129331588745,0.2746695461931320,0.1533560001601382,0.09373029321432114,1.447709083557129,0.4807339557931690,0.2468039046393158,0.2741833925247192,3.661455392837524,1.417144504082235,0.6967962038717619,0.8031008243560791,8.359745025634766,3.543927346918601,1.609869611733936
"K424",5077,0.6938030197000000,0.05313454195857048,0.4622134864330292,0.1646164816217039,0.06796447507129814,0.06611096858978271,0.5990793704986572,0.2096513600310801,0.1084617470841679,0.1136367172002792,1.146606683731079,0.3666791159697047,0.2043682001194885,0.2493316978216171,2.753774404525757,1.026086970975908,0.6209060638384823,0.7371200323104858,6.940993785858154,2.956102331123274,1.737180967743454
"K430",16702,2.282430182200000,0.03554548323154449,0.7650009393692017,0.1726029467164630,0.09543581452261288,0.02382810041308403,0.5397725701332092,0.1341304793561783,0.07506931195701676,0.07680977880954742,1.516020536422729,0.4430547229505816,0.2536844928222242,0.2367248535156250,3.456322908401489,1.210491826626416,0.6903975306597177,0.6578618288040161,8.784595489501953,3.349503226611247,1.786409974974310
"K433",17538,2.396674681800000,0.04040119051933289,0.7212350368499756,0.2033610953353045,0.1029974758428456,0.06146350130438805,0.9874293208122253,0.3279731359200255,0.1788136074532680,0.09456386417150497,2.269879102706909,0.5745686249804716,0.3486546173059989,0.2817203998565674,3.846067667007446,1.539141688213365,0.8311679436880388,0.8202773928642273,7.961376190185547,3.451050019747500,1.614804222147135
"K434",18941,2.588403190100000,0.04053581133484840,1.412256121635437,0.2233574285357443,0.1426912061185690,0.03852945566177368,1.252602577209473,0.2164771124892864,0.1360203325815638,0.08813781291246414,3.527430534362793,0.5452419249624603,0.3780789691508162,0.2575878798961639,4.791835308074951,1.621126250605555,0.9034644475108199,0.8419985771179199,9.480678558349609,4.008843072946293,1.848587743910755
"K439",6752,0.9227019872000001,0.03418947756290436,0.4405897259712219,0.1235239926407828,0.06831069349154875,0.03330621123313904,0.3063467442989349,0.1081477884584994,0.04965289533368669,0.09332372248172760,0.8032867312431335,0.3190375011683534,0.1475275475280070,0.2172118574380875,2.281795024871826,0.9713181926961544,0.4345876229488334,0.7470427751541138,7.864110946655273,3.693221892040418,1.750281284977182
"K441",16080,2.197430088000000,0.02416124753654003,0.3844203650951385,0.09409603634281591,0.05476143368547894,0.03344136849045753,0.4643424749374390,0.1385248466241938,0.07465400931229180,0.02869041264057159,0.5626522302627563,0.1368932231649090,0.08702963980708266,0.1749271303415298,2.568995952606201,0.8493589501281211,0.4426529976852083,0.3363826274871826,5.230711936950684,1.835896734809920,0.9670578042738242
"K444",17049,2.329849848900000,0.007770853117108345,0.2739583849906921,0.04577929497457140,0.02550784490457387,0.01125209033489227,0.3189362883567810,0.06697277075553862,0.03762313315885209,0.03388443961739540,0.7798459529876709,0.1807850525047525,0.1065903619030970,0.05500905960798264,0.9509070515632629,0.3200134818028481,0.1986965145376725,0.5542415380477905,7.264469623565674,2.991782949232161,1.715437218209805
"K447",15911,2.174335207100000,0.04248477146029472,0.7989155650138855,0.1850487746000494,0.09562699352438267,0.03934475407004356,0.8130840659141541,0.2222194826041580,0.1195957914258691,0.08689247071743011,2.398218631744385,0.4899772989753468,0.2874778737276542,0.2253177165985107,3.906702280044556,1.239728841974879,0.6676116444814427,0.7215651273727417,9.424199104309082,3.896216555945675,1.826618812708565
"K452",14545,1.987662974500000,0.05441313236951828,1.006936788558960,0.2458014262886894,0.1380047953458090,0.04922333359718323,1.230849504470825,0.3000272693665079,0.1687641101455615,0.1029049530625343,2.283931970596313,0.6384062552106833,0.3904099307406683,0.2976590991020203,4.539343833923340,1.607236743977324,0.8884186329130735,0.8277406096458435,9.193948745727539,3.644893712721232,1.728552795147530
"K467",14351,1.961151691100000,0.03714169561862946,0.6711022853851318,0.1838726582253912,0.09103095478818815,0.06066922098398209,0.8222611546516418,0.3244164272287227,0.1706608108121904,0.08314176648855209,1.359505057334900,0.4371400916784469,0.2495732585933656,0.2940697669982910,4.339931011199951,1.822422413076394,0.9662317964137590,0.8101746439933777,9.102780342102051,4.097151695469202,1.910312347153687
"K488",2930,0.4004023730000000,0.03286931291222572,0.3773990571498871,0.1126448004446135,0.06151099053144674,0.03127121552824974,0.2686293125152588,0.09935048996461333,0.04800450642130382,0.1057664752006531,0.6898230314254761,0.3193891577498904,0.1131515062480438,0.2336795032024384,1.538686156272888,0.7979259929610194,0.3075146427933032,0.8393515348434448,5.875577926635742,3.216122939114685,1.314571958909152
"K488x",9140,1.249036754000000,0.05061128735542297,0.4310428500175476,0.1764682214613392,0.07145418675822852,0.05790856853127480,0.7812952399253845,0.2814584748962125,0.1306599469723007,0.1096043959259987,1.226447105407715,0.4594226363956667,0.2167030759821806,0.2931044399738312,3.693773508071899,1.707042981410315,0.8375970641685527,0.8376436829566956,8.280922889709473,3.955212897968764,1.837020137318492
"K490",3907,0.5339153827000001,0.01475598104298115,0.3818013668060303,0.09134649845769341,0.06151573521945633,0.01606738567352295,0.2905704677104950,0.08089170456390288,0.04945975709290074,0.05094216763973236,0.7928166389465332,0.2428861062316782,0.1193426482571182,0.09543403983116150,0.8913617134094238,0.4047570376272453,0.1805118570843652,0.8014400005340576,6.710820198059082,2.864439417478646,1.463073812253974
"K496",11160,1.525082076000000,0.04301431030035019,0.5740454792976379,0.1882866763947098,0.09605740225427822,0.05405437573790550,0.8450539112091064,0.2773290196210014,0.1636804424533762,0.09039965271949768,1.578247785568237,0.4366024934002414,0.2677811493070728,0.2516852617263794,4.234964847564697,1.557327966926133,0.9342152034392105,0.7683349251747131,8.665726661682129,3.578392478129344,1.851255592690677
"K502",508,0.06942129880000000,0.06216003000736237,0.3899817168712616,0.1771404991498378,0.08122653302542590,0.1158113852143288,0.7476347088813782,0.3483702424972311,0.1629923409525214,0.1284592151641846,0.8601412177085876,0.3782177873718457,0.1795342360285567,0.3404774665832520,2.847424507141113,1.267584295371386,0.6537172813375748,0.9253763556480408,6.621476650238037,3.533188142997073,1.703294832573202
"K504",14687,2.007068140700000,0.05174131318926811,0.6287041306495667,0.2066452691799861,0.1099288574641473,0.08380470424890518,0.9103634357452393,0.4040368234650820,0.1787995531719906,0.1038450002670288,1.528641581535339,0.5082154068432568,0.2617241430639864,0.3195480406284332,3.885939359664917,1.666247847999523,0.8285800605664574,0.8890876173973083,8.374499320983887,3.760178287184134,1.833041480487514
"K515",19461,2.659464362100000,0.03231238201260567,0.5780720710754395,0.1717950885334520,0.08630637963985982,0.03615603595972061,1.073670387268066,0.2369328344322237,0.1398875891879070,0.05619705840945244,1.502030134201050,0.3759971788485845,0.2267457161530870,0.2156765908002853,3.703269004821777,1.351156650177407,0.7250215674815910,0.4878652989864349,7.104452133178711,2.601271123285131,1.308158383273527
"K516",7567,1.034076708700000,0.04862766712903976,0.6855547428131104,0.2321598579745494,0.1025615140893064,0.07148681581020355,1.351775050163269,0.4192589394589687,0.1958587738229914,0.09329117089509964,1.874155998229980,0.6811840583647716,0.3096096738390122,0.2505928277969360,4.064120292663574,1.334760185696890,0.6789552189024211,0.6571959853172302,8.009982109069824,2.719796260037792,1.364901163702522
"K518",18372,2.510645869200000,0.03867863863706589,0.6889543533325195,0.1890540450652010,0.09675983452923997,0.03692513704299927,0.8203172087669373,0.2332555748306940,0.1292692007555530,0.08675704151391983,2.153208732604980,0.5212565944403341,0.3158578394795378,0.2165952771902084,3.876795768737793,1.371783738632640,0.6964025387796475,0.6734563708305359,8.674701690673828,3.462235018701796,1.548831563781412
"K519",17737,2.423869245700000,0.03567573055624962,0.7428468465805054,0.2013492446104825,0.1137845045624247,0.03688484802842140,0.7234049439430237,0.2137773561927208,0.1335204104553871,0.08506153523921967,1.844371438026428,0.4832298669466514,0.3066919875381459,0.2452904880046844,4.196438789367676,1.339394879977431,0.8517589992563253,0.7258778214454651,8.896881103515625,3.292623983427161,1.842749525226993
"K536",25843,3.531603592300000,0.03032418154180050,0.8713378906250000,0.1594437467565632,0.08260206412455630,0.04734937101602554,1.064276576042175,0.2807934742171674,0.1506108348981897,0.08051264286041260,2.071669578552246,0.4226843440066327,0.2347495232523578,0.2696583569049835,3.804911613464355,1.395936306665609,0.6926720362795249,0.8346717953681946,8.937002182006836,3.751955550636654,1.620379015841533
"K549",5162,0.7054187882000000,0.03565895557403564,0.5338758230209351,0.1712029754858592,0.09314488615356402,0.03260137885808945,0.6215451359748840,0.1758389146229940,0.1021267114695296,0.09318044036626816,1.834573388099670,0.4457304561752444,0.2567092171027422,0.2499608993530273,3.735318899154663,1.222630679047371,0.6747657653115520,0.7376284003257751,8.276128768920898,3.214258483413669,1.579342271204089
"K551",3013,0.4117448293000000,0.05209133774042130,0.3984105885028839,0.1811950248386371,0.07296008523988233,0.04773709923028946,0.5365872383117676,0.2140907859779002,0.1061572305139922,0.1125184595584869,1.548562645912170,0.5417339786976190,0.2949084910402767,0.2671276926994324,3.251189947128296,1.322848165209333,0.7373354375794251,0.7725964188575745,6.972290515899658,3.180720130549765,1.672996053605400
"K566",10034,1.371207307400000,0.03107841499149799,0.7599821686744690,0.1640355792460907,0.09281910846706978,0.02187103591859341,0.5056956410408020,0.1222224905077076,0.07304429343965610,0.07227146625518799,1.882657766342163,0.3925185000209460,0.2483813035254898,0.2282908707857132,3.508815526962280,1.302543396532287,0.7954940265850806,0.6442498564720154,9.000796318054199,3.482875264603373,1.840626477917669
"K569",2726,0.3725245286000000,0.04837003722786903,0.5501017570495605,0.2032571399648642,0.1129961947546161,0.06857792288064957,0.9922046065330505,0.3617833981745531,0.2079966825272871,0.1074754074215889,1.527587294578552,0.5572042628679963,0.3254027140614872,0.2805461585521698,4.248297691345215,1.641532698603824,0.9717997455655308,0.7492399215698242,8.053519248962402,3.611318943151550,1.898920218217865
"K570",21618,2.954231569800000,0.01338780205696821,0.3838993906974792,0.07340035457091675,0.04937892411726322,0.01347728818655014,0.2836852669715881,0.07311074450879688,0.04528584009090574,0.05196490138769150,1.206687569618225,0.2772003189368606,0.1782470235338465,0.04972674325108528,0.9339622259140015,0.2885830751475912,0.1729403189375283,0.5934317111968994,7.169092655181885,2.664398423167292,1.435763566044713
"K576",19758,2.700051223800000,0.03522351384162903,0.4798487424850464,0.1561047295477045,0.07620909314265362,0.04976353794336319,0.7805898785591125,0.2610463337547213,0.1265813326898425,0.06973796337842941,1.138889312744141,0.3490021841315649,0.1784130428902457,0.2413539290428162,3.604199171066284,1.413487197263561,0.6836150374639668,0.7950757741928101,8.524913787841797,3.913393293487510,1.597330995502131
"K580",11544,1.577558018400000,0.03698863834142685,0.7209613919258118,0.1941675517300810,0.09301596133289931,0.05106602236628532,1.238876581192017,0.2931921803001996,0.1665718143845519,0.07649070769548416,1.761869907379150,0.4784761475630191,0.2655239645674675,0.2428454756736755,4.199538707733154,1.569509473338216,0.8270981232405542,0.6582949757575989,8.602770805358887,3.738246084204457,1.772514046027061
"K582",17184,2.348298422400000,0.04606866836547852,1.167012929916382,0.2441294401261030,0.1289502332115846,0.04947361722588539,0.9869890213012695,0.2718096250562809,0.1429721895654828,0.09862482547760010,3.528696060180664,0.6543629487106675,0.3969085242746229,0.3017525076866150,4.895284175872803,1.610319710206553,0.8262145805910457,0.8409838080406189,9.035473823547363,3.689877559727463,1.685985264179471
"K585",8845,1.208723204500000,0.03622075915336609,0.6519013047218323,0.1565165101247800,0.09388349809566986,0.02453349158167839,0.4771729707717896,0.09751385066146534,0.05967514688373462,0.08468040078878403,1.140581607818604,0.3447632269932766,0.1829499551681440,0.2335117757320404,2.829313993453979,1.101099389456234,0.6000918625749080,0.7610083222389221,7.453552722930908,3.218354010204597,1.653239825447125
"K588",19464,2.659874330400000,0.04759885743260384,0.7491179108619690,0.2311687655779475,0.1190379225177434,0.05972571671009064,1.068192839622498,0.3635590115735866,0.1969070549862509,0.09309157729148865,2.179252862930298,0.5701387822088289,0.3214726499480455,0.3119675815105438,4.456389904022217,1.824136122992278,0.9426312316037866,0.8577304482460022,8.778638839721680,4.113261559003548,1.867380837657601
"K591",15523,2.121312640300000,0.03379052877426147,1.375243902206421,0.1923776132767442,0.09437127083391997,0.05945215374231339,1.144569993019104,0.3660784330741476,0.2122145698330394,0.08391281962394714,2.042777299880981,0.5059661823020974,0.2815552772931437,0.2288650572299957,4.071053028106689,1.492829681689773,0.8514680349610884,0.7007088065147400,8.448238372802734,3.504494015080623,1.813535289045415
"K594",19385,2.649078498500000,0.03455819189548492,0.5930814146995544,0.1736424395658396,0.09562882078441365,0.05354166775941849,0.8355289697647095,0.2968588914436824,0.1467817990777612,0.08376716822385788,1.543478488922119,0.4605875913694647,0.2411897380787452,0.2675945162773132,4.123758792877197,1.850035177855754,0.9023907259335042,0.7145646214485168,8.954815864562988,4.199155646920786,1.840002947150603
"K597",14379,1.964978061900000,0.01257480308413506,0.3214129209518433,0.04909625232581889,0.02292740865470350,0.01297056488692760,0.1735142320394516,0.05141678353504325,0.02280410028909189,0.05556586757302284,0.9792370200157166,0.2491061175201262,0.1134302854739122,0.05576772242784500,0.6554905772209167,0.2734306539434185,0.1223329069565046,0.6435025930404663,6.553654193878174,3.057081018720202,1.324660247171691
"K609",656,0.08964640160000001,0.05076212808489799,0.4025829434394836,0.1479201990054784,0.06897023163754411,0.05700469017028809,0.4507524967193604,0.1722958607985297,0.08398544937709701,0.1287898272275925,0.9312738776206970,0.3569060141993005,0.1617362870776912,0.3549209237098694,2.268557310104370,1.267332256521757,0.5310607247104155,0.9793756604194641,6.951119422912598,3.905870316868147,1.752441710012339
"K612",12720,1.738265592000000,0.01244456041604280,0.3525356650352478,0.07289808918568219,0.04728489922804287,0.01546627655625343,0.3161863088607788,0.08682966842909147,0.04645893013943384,0.03771473094820976,0.7281123399734497,0.2219873471938239,0.1178062775110931,0.07163938134908676,1.271583914756775,0.4284457082942174,0.2441545051904737,0.6622167825698853,7.646895885467529,3.103177417824102,1.670182206489860
"K618",15554,2.125548979400000,0.03328375518321991,0.5618623495101929,0.1775538211884077,0.08604356440073108,0.05262828618288040,0.8554751873016357,0.2934141840876275,0.1494461605951011,0.07259489595890045,2.022341728210449,0.4508115052338607,0.2740871587550230,0.2538416087627411,3.122992515563965,1.308523952635239,0.6675148964951291,0.7703398466110229,7.514072895050049,3.296670796851412,1.579089917322952
"K619",14719,2.011441135900000,0.02926501631736755,1.025948643684387,0.1797060121936068,0.1086991808104425,0.05545838922262192,1.310121059417725,0.3612227825560164,0.2180164386060765,0.07168132811784744,1.837551712989807,0.4813181758271153,0.3032727071872298,0.2507744431495667,3.891035795211792,1.354497537017880,0.7618296243063021,0.7656051516532898,8.182502746582031,3.303599364752352,1.670003967142791
"K620",15190,2.075806159000000,0.04084794595837593,0.5761824250221252,0.1640083253383635,0.07838514758538161,0.06888627260923386,1.040644049644470,0.3546405488729398,0.1962495695884456,0.08451835066080093,1.497344255447388,0.4011663426422540,0.2413020002222279,0.2559077739715576,3.337993621826172,1.311129840111716,0.7608713815237794,0.7640278339385986,8.041998863220215,3.315403249179008,1.754537345775620
"K627",18970,2.592366217000000,0.04550646990537643,0.9869661331176758,0.2663639597942327,0.1424265611285321,-7880.645019531250,1.565663814544678,-3.180802205478712,135.1838245296918,-9590.982421875000,2.219877481460571,-13.74522410521913,292.9342618911745,0.2661552727222443,4.404698848724365,1.594237386237715,0.8634040992440370,0.7201405763626099,8.363080024719238,3.453150463924322,1.672372318289500
"K631",6133,0.8381118613000000,0.01934155821800232,0.2823633253574371,0.08098579692863413,0.04736841803441919,0.02105543389916420,0.3589827418327332,0.09131000588376058,0.05249331653157950,0.05074428394436836,0.6563762426376343,0.2067792499624710,0.1126893945807168,0.08086609840393066,1.259983301162720,0.3960554587467837,0.2046114806182393,0.6387373208999634,6.926904201507568,2.953401689494044,1.684365421781799
"K634",10225,1.397308622500000,0.04831881821155548,0.6067765355110168,0.2023615182710305,0.09570055845186974,0.06685402244329453,1.019702434539795,0.3545580541708649,0.2062035661686880,0.1000582054257393,1.321294307708740,0.4485196563484907,0.2529509166644965,0.2580769956111908,4.255220890045166,1.668841440068480,0.9957882850848563,0.8004865050315857,8.264191627502441,3.681903447994103,1.880076489345441
"K636",3606,0.4927818966000000,0.01693589426577091,0.2814521789550781,0.07878622416607287,0.04894334731086225,0.01898569241166115,0.3004031181335449,0.08272708057107213,0.04827937613612372,0.05812305212020874,0.6584903597831726,0.2286791694962642,0.1159238177914874,0.08653996884822845,0.9221912026405334,0.3345030308414420,0.1710927937111138,0.6088882088661194,6.465057849884033,2.272860465152887,1.308999085489152
"K637",19624,2.681739306400000,0.03100278228521347,0.8870782256126404,0.1360942394741462,0.07021496011627353,0.03264926001429558,0.7413002252578735,0.1886982859096757,0.09626743660638933,0.06575240939855576,1.641191482543945,0.3088181677672676,0.1675707728717942,0.2596522569656372,3.301135063171387,1.378792586048804,0.6542467760893299,0.7619686722755432,9.127527236938477,4.231465378681276,1.838180107421064
"K638",17291,2.362920625100000,0.03591833263635635,0.9245604276657104,0.2274583306806227,0.1227369587332196,0.05115950107574463,0.9043799638748169,0.2914408977572152,0.1644944675193346,0.08728063106536865,2.529106855392456,0.5564945022407020,0.3502498320448487,0.2236447185277939,4.424097061157227,1.541031100614703,0.8883155536188199,0.7055204510688782,8.528862953186035,3.480755283450466,1.760907183989469
"K661",11479,1.568675371900000,0.01674259640276432,0.3166113793849945,0.07950385911769076,0.05026168988656260,0.01746886596083641,0.2748886346817017,0.07275062973807964,0.04301971554234580,0.05878965929150581,0.8573605418205261,0.2262235319877801,0.1152784258075980,0.1041829213500023,1.484769701957703,0.5276448580199741,0.2478645499172502,0.7004638314247131,7.893230915069580,3.396315516946997,1.691069354448890
"K662",8150,1.113747215000000,0.01219208259135485,0.2052151113748550,0.04478011305781049,0.03054339923094521,0.01244739722460508,0.2160942852497101,0.05040573567609116,0.03133152431877533,0.04150899499654770,0.6606523394584656,0.1873365115854272,0.09898820713106310,0.07790573686361313,0.8280874490737915,0.3760588549123221,0.1579456895973407,0.7426856160163879,6.900649547576904,3.207812568965866,1.402718985585322
"K664",5835,0.7973883435000001,0.03876430168747902,0.4688846468925476,0.1434250397708239,0.07342875267500897,0.03807228803634644,0.4800983369350433,0.1364031740458684,0.06152298909891146,0.08466520160436630,0.8778377175331116,0.3328115860161458,0.1471283582817012,0.2569676041603088,3.601733446121216,1.456844988125660,0.8035198571008390,0.7598013877868652,8.167408943176270,3.606867834504282,1.820399696985077
"K668",12309,1.682099934900000,0.05124424770474434,0.8925308585166931,0.2438150484982576,0.1018305108833959,0.07192587107419968,1.432723999023438,0.4639153937200924,0.2244772495082485,0.1003518477082253,2.002689123153687,0.5868734326348282,0.3037526532085631,0.2573309540748596,4.389582157135010,1.657388926828331,0.8049473833595848,0.7357922196388245,8.716866493225098,3.951623946348401,1.751083140200465
"K674",14331,1.958418569100000,0.05042810738086700,0.8949325084686279,0.2694112138368939,0.1417916494885923,0.06648554652929306,1.532125711441040,0.4497727340554024,0.2512131171647787,0.09904800355434418,2.519738674163818,0.7759224376913831,0.4414644060661662,0.3171302080154419,4.534039974212646,1.683399973856612,0.9753388145414872,0.8817024827003479,8.641511917114258,3.456671918576448,1.790452788270370
"K674x",16195,2.213145539500000,0.02200003899633884,0.3858354985713959,0.1019131237356319,0.05690559902051501,0.04078694432973862,0.6090676188468933,0.1899995504618243,0.09367014165804113,0.03009606525301933,0.7383695840835571,0.1828337307390276,0.1077651325267588,0.2073524147272110,3.078602075576782,1.095981488081730,0.5404708058107339,0.3735087215900421,5.424921989440918,1.988474909077458,0.9445682987934407
"K675",15492,2.117076301200000,0.04227012768387794,1.143145442008972,0.2069654088554409,0.1208328808278503,0.03894937783479691,0.9161675572395325,0.2151690838272231,0.1241010110903941,0.09598212689161301,2.990229606628418,0.5499766639126247,0.3491868711182425,0.2218357473611832,5.079376220703125,1.542842580034863,0.8367669464744056,0.6818912625312805,9.567719459533691,4.060627782595673,1.859699014883844
"K682",11584,1.583024262400000,0.04661732539534569,0.6499836444854736,0.2134608676900203,0.1016356952960274,0.05270798131823540,0.9911814928054810,0.2992457408861268,0.1659374648333169,0.09384730458259583,1.691028714179993,0.5558578562035188,0.2997726815124986,0.2719159126281738,4.655569076538086,1.729327770420840,0.9514594697774202,0.7197455763816833,8.987787246704102,3.810090880506564,1.935621969638126
"K684",14376,1.964568093600000,0.01272031757980585,0.2885573804378510,0.05734829470330232,0.04030993517020403,0.01397916022688150,0.3054160475730896,0.06422070900180923,0.03975949795738057,0.04762391373515129,0.9990342855453491,0.2262325852619081,0.1246771581398964,0.07487878203392029,0.8143944740295410,0.3318000488391621,0.1592518690911328,0.6229509115219116,6.858057022094727,2.795598477158336,1.483406999201453
"K686",12853,1.756440853300000,0.04648159071803093,0.8802308440208435,0.2351155957784005,0.1129025460056301,0.09025646746158600,1.361938357353210,0.5075716184454937,0.2553835821604477,0.09309084713459015,1.901401400566101,0.5409867058232822,0.2894928587822361,0.2545519173145294,4.428168296813965,1.622755496618138,0.8353543675723775,0.7570168375968933,8.877696037292480,3.804078372347673,1.705117267246463
"K688",6432,0.8789720352000000,0.03931643813848495,0.4565625190734863,0.1472991619372639,0.07483676548986606,0.03975255414843559,0.3797981739044189,0.1338548342875710,0.05902477147217099,0.08401732891798019,0.9773808121681213,0.3260370016315794,0.1501230594610579,0.1919952034950256,3.000518083572388,1.129025506594714,0.6399752675311389,0.6375544667243958,7.137945175170898,3.241971716266220,1.693561710443112
"K694",17114,2.338732495400000,0.02677732333540916,0.4832809865474701,0.1386120607705318,0.06915470162401749,0.03543900698423386,0.7746478319168091,0.2129035273254913,0.1156949814755928,0.03208426386117935,0.9089989662170410,0.2332622668474817,0.1341474314779626,0.1805024892091751,4.503144264221191,1.193985369218849,0.6281567490843883,0.4487769603729248,6.030421257019043,2.479829003459955,1.144041685110293
"K695",5736,0.7838593896000000,0.05181306973099709,0.6132005453109741,0.1809049186256495,0.08391294077924971,0.07210654765367508,0.7497795820236206,0.3046363048889315,0.1377614132720025,0.1221186369657516,1.852634906768799,0.5818913653311077,0.3310482884700482,0.2721444368362427,2.919551610946655,1.385932398650852,0.6671760560548193,0.7819404006004333,7.007339000701904,3.271566826481282,1.457385558525224
"K834",9860,1.347429146000000,0.04122364521026611,0.9674546122550964,0.1754682841761751,0.09388797199875951,0.04278306663036346,1.047568202018738,0.1949194423722115,0.1092417566500962,0.07281675934791565,2.457404375076294,0.3551756729823340,0.2496589833712831,0.2168025076389313,4.432326793670654,1.241367917225279,0.6990083314206789,0.4662867784500122,6.861170768737793,2.618435959865550,1.282950157608724
"LJ",11501,1.571681806100000,0.02254778891801834,0.2752626240253448,0.1015072451677193,0.04731508620570726,0.03710899502038956,0.4289604425430298,0.1736667875465144,0.06164606829934940,0.05890869349241257,0.8805100321769714,0.2999595610225509,0.1432626688123764,0.1045480892062187,1.358870148658752,0.5336466983003455,0.2262295101482204,0.6833017468452454,7.165732383728027,3.181295396555878,1.449862249788599
"LS1106",13218,1.806320329800000,0.04859185218811035,0.9195491671562195,0.2339074480492340,0.1249603211059119,0.07338356226682663,1.362513780593872,0.4362559899505138,0.2404619526396610,0.09269146621227264,2.556807041168213,0.5713645724585611,0.3392883738253153,0.2572628259658813,4.539467811584473,1.712939608846080,0.9371354561547915,0.6900436878204346,9.422139167785645,4.006422353455512,1.960664817654661
"LSH",4429,0.6052498669000000,0.01860907860100269,0.3356981873512268,0.07222506088884090,0.04412590331355724,0.01635400764644146,0.2687585651874542,0.06148107050268072,0.03354220248226901,0.06775483489036560,1.051693320274353,0.2891169358932237,0.1156608917949814,0.06914252042770386,0.8367286920547485,0.3001472001054616,0.1282414102386516,0.7142470479011536,6.539363861083984,2.656795463892535,1.282638287556756
"R1",15623,2.134978250300000,0.01340234372764826,0.3264421522617340,0.05857209736021223,0.04365001522633655,0.01225419994443655,0.2868203222751617,0.04938309119497710,0.03462495080537337,0.05949073284864426,1.217855095863342,0.2788277098526667,0.1528029424320527,0.06070940196514130,0.8037682175636292,0.3193056435554177,0.1542768522419222,0.6343238949775696,6.756958961486816,3.045027529144919,1.466606017037950
"RBJQSC",4907,0.6705714827000000,0.04690767452120781,0.5880941748619080,0.2096974411533300,0.1079400965785797,0.04909794777631760,0.7558538913726807,0.2657955840422819,0.1583039898286107,0.08833884447813034,1.389128088951111,0.4814667681314467,0.2829906956551042,0.2475665956735611,3.905611991882324,1.517442220369886,0.9347307025308087,0.7613276839256287,8.334016799926758,3.862797488293143,2.136393328480327
"S13K033",18304,2.501353254400000,0.03736232593655586,1.038298130035400,0.1897931265021133,0.1018214358836765,-7188.520507812500,1.602467179298401,-0.9579746804360467,81.02477489817937,0.07945635914802551,2.142858743667603,0.4677952484905852,0.2773382124126678,0.2782242596149445,4.469316482543945,1.528330120787193,0.8445129708995240,0.8419986367225647,9.088510513305664,3.910867257633123,1.858163459686442
"S13K037",14874,2.032622831400000,0.03899847343564034,0.6671253442764282,0.1966125578593868,0.1042725372458911,0.05452661588788033,0.9429260492324829,0.3324242842017892,0.1905360674287279,0.08207789063453674,1.871355414390564,0.4759056567634820,0.2985586272155193,0.2371526807546616,3.735981464385986,1.450233354916075,0.8537470453778940,0.6753233671188354,9.092082023620605,3.710554105485016,1.985181932356391
"S13K038",6459,0.8826617499000000,0.05461918562650681,0.8934865593910217,0.2484412144268005,0.1078980222331025,0.09343933314085007,1.414563655853271,0.4589403301828099,0.1993634069336382,0.1182523220777512,2.443482875823975,0.7623818580774649,0.3792715508084142,0.2675306200981140,4.287126064300537,1.350817789384908,0.6686416416997958,0.7440044283866882,7.710568428039551,2.961476187704886,1.363433413818235
"S13K044",16901,2.309624746100000,0.01462126895785332,0.3027424514293671,0.07887727760627551,0.04970992104110909,0.02662030421197414,0.3831815123558044,0.1409292454745836,0.07691347803764810,0.02034819498658180,0.4633390605449677,0.1210777210493234,0.07750517200879688,0.1571738570928574,2.574489116668701,0.9432790776599298,0.5538236639862675,0.3642445802688599,5.283372402191162,2.043249581500020,1.167136977276355
"S13K054",14699,2.008708013900000,0.03882779181003571,0.7185505628585815,0.2073520311317956,0.1132598393340342,0.04360678046941757,0.9193589091300964,0.2760377425647965,0.1651307185225243,0.08380305767059326,2.198355913162231,0.5305060022929075,0.3588880189453292,0.2547190785408020,4.432030677795410,1.627403046427653,0.9643135784471233,0.7925571799278259,9.647006034851074,3.994891720634308,2.093839444101428
"S13K057",14747,2.015267506700000,0.03324917703866959,0.6533938050270081,0.1628670184948513,0.08921142106645537,0.03074556775391102,0.5027988553047180,0.1732349155846239,0.09571492501535267,0.07585549354553223,1.548378467559814,0.4359876388664842,0.2618182960996153,0.2386955916881561,3.783070802688599,1.356527850009623,0.7869082704489495,0.7037283182144165,8.024318695068359,3.464954045681081,1.801868615271862
"S13K064",17005,2.323836980500000,0.04225390776991844,0.7415614128112793,0.1781348637918870,0.1052839685871338,0.06236747652292252,0.8661143779754639,0.3127233449981971,0.1667247435529789,0.08695898205041885,1.335809469223022,0.4037180553167684,0.2216114269130978,0.2690067887306213,3.454547882080078,1.325465262435666,0.7469434531351049,0.7611417174339294,8.089732170104980,3.356962779896010,1.706266716140996
"S13K069",8772,1.198747309200000,0.03009829483926296,0.4337155222892761,0.1461753607566208,0.07582264903828768,0.04634515568614006,0.7054775953292847,0.2310965920718215,0.1250930877556256,0.06502846628427505,1.261484026908875,0.3481422490179130,0.2039036710786153,0.2307594865560532,3.502166748046875,1.267781680452392,0.8072122838471695,0.7662077546119690,8.984707832336426,3.381736876781924,1.999849019369959
"S13K070",10025,1.369977402500000,0.04100307822227478,0.4884126186370850,0.1332039273201378,0.06303290947410212,0.03790137171745300,0.4275159537792206,0.1448202432097491,0.05876703486590133,0.08955548703670502,0.8657436370849609,0.3276545746776827,0.1387699552363035,0.3220249712467194,3.448548316955566,1.609847039682908,0.6953801531537562,0.9168897867202759,8.454661369323730,4.222835120827775,1.680739702875891
"S13K072",1418,0.1937783498000000,0.04770595580339432,0.6096870899200439,0.1522718789463151,0.07977507837935384,0.04495302960276604,0.5833045840263367,0.1528816689777862,0.07644107351795955,0.1030432656407356,1.077578544616699,0.3634241532655210,0.1711951964962029,0.2902388274669647,3.005656480789185,1.215976248906429,0.6433333659882120,0.7372784018516541,8.023724555969238,3.530057861791510,1.704936355930324
"S13K079",17170,2.346385237000000,0.03717123344540596,0.8946198225021362,0.2297193289245710,0.1334934404080852,0.04459485039114952,0.9717301726341248,0.2683286837374290,0.1567390340021174,0.1000668555498123,3.377050399780273,0.7289172400489894,0.4804576953646941,0.2790780961513519,4.359709262847900,1.595009387271934,0.8521578694699066,0.8339663743972778,7.774049282073975,3.409497742838267,1.505460414117920
"S14K324",10597,1.448144691700000,0.03443725407123566,0.5958755612373352,0.1706344139333957,0.09597623710955504,0.04052507504820824,0.7509993910789490,0.2236731445134344,0.1372539936920116,0.08368639647960663,1.519227385520935,0.3699941015700815,0.2283536185650040,0.2523113489151001,4.150608062744141,1.376433077115118,0.8403826284069741,0.8011681437492371,8.252930641174316,3.574971786105116,1.831178335680700
"S14K328",10867,1.485041838700000,0.03604866191744804,0.7382187843322754,0.1943084250686853,0.1070786941564889,0.04871099814772606,1.006976366043091,0.2664964948498448,0.1574877584983463,0.07489568740129471,2.061638593673706,0.4435400859884465,0.2943132313338273,0.2359365969896317,3.658614397048950,1.150827306705926,0.6828371633050715,0.7511068582534790,8.083827018737793,3.162331858707614,1.667294500346953
"S14K336",14996,2.049294875600000,0.03252553194761276,0.9173372983932495,0.1887923647110766,0.1183618506599606,0.03648071736097336,1.085277676582336,0.2332469128096109,0.1428123156053677,0.06958995014429092,3.183264255523682,0.4723880151815857,0.3705899131646759,0.2377617657184601,4.154448509216309,1.290271960174037,0.7284864164599338,0.7694852948188782,8.014292716979980,3.493641254909199,1.695383004515957
"S14K338",17207,2.351441512700000,0.02510196343064308,0.4466922879219055,0.1245988238707445,0.06577188742241881,0.02972321026027203,0.7324994206428528,0.1577143079124445,0.09037761360232283,0.06368527561426163,1.537434935569763,0.3343821267708391,0.1979019207910193,0.1783076524734497,3.361609697341919,1.096397311710366,0.7017081224951053,0.6785559654235840,9.122817993164063,3.560217515116491,2.003091349192926
"S14K341",20813,2.844223409300000,0.03018577024340630,0.6226031780242920,0.1632852084169177,0.09008105761467623,0.03543280065059662,1.028996706008911,0.2236829027084269,0.1209770610889570,0.07655031979084015,1.676122188568115,0.3759656068352330,0.2235850719365622,0.2726049423217773,4.092561244964600,1.490662202856904,0.7939599694607006,0.7702092528343201,10.16603851318359,4.178272652066450,1.932827490446293
"S14K351",6734,0.9202421774000000,0.01378725562244654,0.2152808457612991,0.05736544159071461,0.03228559934496491,0.01515976060181856,0.2013113796710968,0.06762750705766056,0.03265456502882985,0.05763087049126625,0.6928179264068604,0.2523226663857512,0.1146835241600382,0.06956507265567780,0.9390501976013184,0.3743119936758381,0.2087299778869803,0.6050106287002563,6.512151718139648,2.720906483903992,1.552538163975076
"S14K352",20983,2.867454946300000,0.02886311337351799,0.6701461672782898,0.1526378444633638,0.07755861612699139,0.04441788420081139,1.036386847496033,0.2463024305924044,0.1278464380973058,0.05524910241365433,1.673840403556824,0.3502665892964547,0.2050571489845386,0.2548067867755890,4.051940441131592,1.521238854087037,0.7700022729466068,0.5822317004203796,8.220993995666504,3.354757139804123,1.567959428412704
"S14K353",12120,1.656271932000000,0.03534174710512161,0.4973083138465881,0.1515366806931449,0.08097188780471418,0.05513690039515495,0.6668997406959534,0.2696841490639391,0.1249131773507193,0.06920559704303741,0.9761887192726135,0.3468281566205347,0.1753090229435382,0.2790156006813049,3.323432445526123,1.531556048915527,0.7382535731532961,0.7467133998870850,8.575777053833008,4.074307248065179,1.836092324403788
"S14K359",10273,1.403868115300000,0.03457441180944443,0.4712373912334442,0.1672295575355335,0.08233886335674472,0.04500395432114601,0.6971064805984497,0.2389007638851601,0.1266063939668088,0.07152329385280609,1.330742239952087,0.3880665373518757,0.2099587490241682,0.2193198502063751,3.747514247894287,1.431361737788439,0.7931269965079358,0.6791885495185852,8.930823326110840,3.842043299324771,1.945659693711713
"S15K011",8555,1.169092935500000,0.03019326739013195,0.5506803989410400,0.1354759577424432,0.08404689840466675,0.05969828739762306,0.9343771934509277,0.2904376264402458,0.1746763768824220,0.06412440538406372,1.133527517318726,0.2854731594885671,0.1901052092634438,0.2347271442413330,3.293782472610474,1.122447167147955,0.6952978542102726,0.7596452236175537,8.472475051879883,3.370445377557755,1.844908438519400
"S15K015",12146,1.659824990600000,0.03794968500733376,0.5765063166618347,0.1550319538777303,0.08427181681122711,0.05016037449240685,0.7222619652748108,0.2690605988657622,0.1445112104343500,0.08128444850444794,1.310078144073486,0.4079870228549362,0.2297974969433041,0.2528325617313385,3.386091232299805,1.374872398189004,0.7430249344957794,0.7599892020225525,7.816671371459961,3.549355009340994,1.741520062633185
"S15K016",6024,0.8232163464000001,0.04911330342292786,0.6244633197784424,0.2176365183522878,0.1021537159572312,0.06972869485616684,0.8454233407974243,0.3356095243228047,0.1357844277581639,0.1061082780361176,1.407299399375916,0.6363305194355341,0.2562095334686328,0.2755330801010132,2.397326469421387,1.158367079884249,0.4184103638126076,0.4741216003894806,3.816607952117920,1.736281922000495,0.6527075633217336
"S15K022",15886,2.170918804600000,0.03978323563933372,0.6067289710044861,0.1827644775159038,0.08601269584504405,0.04487118870019913,0.8753218650817871,0.2769519574717428,0.1425503700308233,0.08643586188554764,1.875180959701538,0.5047152513788457,0.2634638818888498,0.2744737565517426,4.263819217681885,1.711125629079232,0.8483542142095750,0.7913688421249390,8.451583862304688,3.985405749635615,1.761785258343887
"S15K032",15460,2.112703306000000,0.03945526480674744,0.6518328189849854,0.1922403941439394,0.09892560832992592,0.04542067646980286,0.8566156029701233,0.2609268472239588,0.1570607427176340,0.08033219724893570,1.664438366889954,0.4106958047880818,0.2498237223484363,0.2452755421400070,4.316374301910400,1.466080622266096,0.9184478084763656,0.7316185832023621,9.095354080200195,3.500069088383757,1.926341422971124
"S15K044",16317,2.229817583700000,0.03792801126837730,0.6014834046363831,0.1916202382495235,0.09936792317533959,0.03786338120698929,0.8011940121650696,0.2205842025262957,0.1203894965768973,0.08259876072406769,1.604428529739380,0.4858683424833369,0.2763331714427350,0.2386153340339661,4.436174869537354,1.370415127909512,0.7874200156148127,0.7285568714141846,9.392778396606445,3.390048468420521,1.781331942212623
"S15K045",11240,1.536014564000000,0.04020938649773598,0.8399529457092285,0.2024534613457491,0.1066127123169417,0.06074795871973038,1.327685117721558,0.3521808005769957,0.1925533560528113,0.06586917489767075,1.972746729850769,0.4782514691054555,0.2936605499391471,0.2362734079360962,4.583716869354248,1.606615741981782,0.8999775979363431,0.5310559272766113,8.350115776062012,3.331390085646690,1.698920877559377
"S15K046",4984,0.6810940024000001,0.02531639486551285,0.5840276479721069,0.1044439153430347,0.04769678113985545,0.02030635811388493,0.2913984358310699,0.1018823348198767,0.04881836008608506,0.07511186599731445,1.287874102592468,0.3850493284142658,0.1987477708516499,0.07649562507867813,1.114435791969299,0.3992950234092760,0.1990932025179730,0.7074021697044373,6.122846126556396,2.719870450456491,1.277064721520212
"S15K047",11310,1.545580491000000,0.04714966565370560,0.8324514627456665,0.2138622657709635,0.1044939525829772,0.05480984598398209,0.9208299517631531,0.2954515548648558,0.1644217075367095,0.1016157492995262,2.767935037612915,0.5538346267650340,0.3286502974572787,0.2711132168769836,4.268637657165527,1.615499090763661,0.9264283987009893,0.8169956803321838,8.314071655273438,3.669790885455833,1.889164736178982
"S15K057",2014,0.2752253854000000,0.04817866161465645,0.4076205193996429,0.1634542570350453,0.07254545238137394,0.07937482744455338,0.5754916071891785,0.2789147682968886,0.1271374329198144,0.09621455520391464,1.313940405845642,0.4907733436781163,0.2489364384683088,0.2428468465805054,3.278076887130737,1.298853741102328,0.7444964647484902,0.7413923144340515,7.618542671203613,3.235059397548527,1.725097019155324
"S15K058",8145,1.113063934500000,0.02415386587381363,0.2925436198711395,0.09743579482514481,0.04046697227101897,0.02813889086246490,0.3789765834808350,0.1263527210943625,0.05716714357701293,0.08093955367803574,1.447655797004700,0.4497816220977833,0.2294672116274928,0.08136733621358871,1.160181164741516,0.4087303212553976,0.2062700916071723,0.7084988355636597,7.266437053680420,2.638915898062249,1.293444081392534
"S15K075",8937,1.221295565700000,0.05557065457105637,0.5883073210716248,0.2634772797163813,0.1054518418748014,0.06848016381263733,1.006362080574036,0.3948336460585826,0.1554757899962209,0.1381066888570786,2.148236513137817,0.8366153224814161,0.3613953077982197,0.2881337702274323,3.913407087326050,1.305616775801668,0.5939129569231703,0.8231949210166931,8.215399742126465,2.786822254470736,1.265548653129465
"S15K103",2367,0.3234649887000000,0.06274566799402237,0.3940414488315582,0.1700504605981384,0.06775769001689827,0.07777904719114304,0.7965020537376404,0.3017479920398601,0.1438507928726573,0.1341144889593124,1.439969182014465,0.5086288577867150,0.2626646319342392,0.2946780025959015,3.181892156600952,1.280315163622035,0.6720940664201285,0.7827430367469788,6.815768241882324,3.033763309546448,1.537745230080232
"S15K104",1211,0.1654905371000000,0.05105109885334969,0.4023439288139343,0.1457353977165027,0.05568050173899906,0.05057974159717560,0.3900304138660431,0.1869461029632637,0.07564883355419295,0.1428112685680389,0.9964949488639832,0.4633818990946996,0.1994399144420130,0.2919002175331116,2.692041635513306,1.251715978470644,0.5739592041359443,0.7882990837097168,7.032158374786377,3.008023892720803,1.431951302097657
"S15K106",7762,1.060724648200000,0.04436055943369865,0.5273520946502686,0.1971947890076440,0.08937486412962992,0.07036151736974716,1.198975920677185,0.3899587334177597,0.2309754829584222,0.08868594467639923,1.454355478286743,0.5359791051831574,0.2986008651962587,0.2496708482503891,4.300034523010254,1.530881179149651,0.9521525094133645,0.6478875279426575,7.750061988830566,3.159579758014730,1.793503595917527
"S15K113",12645,1.728016384500000,0.03613981232047081,0.5559147000312805,0.1746879446708011,0.08798480870494496,0.05879402533173561,0.8677762746810913,0.3380748514128726,0.1659037615034707,0.08097172528505325,1.387163519859314,0.4807610037782628,0.2433829520525767,0.2792722284793854,4.162763595581055,1.823264526559600,0.9100071536671381,0.7910917997360229,8.577968597412109,4.074524458150421,1.817713029795148
"S15K115",2858,0.3905631338000000,0.05245059356093407,0.4853103160858154,0.1864377370115925,0.09837398258251484,0.06207532435655594,0.8337284922599792,0.2871695065882613,0.1510714864433307,0.09560179710388184,1.083794474601746,0.3738925372093310,0.2194695530297854,0.2536833882331848,3.661538362503052,1.582360186563913,0.9125769394508857,0.7233576178550720,8.958915710449219,4.047455977275709,2.237916244548766
"S15K116",15842,2.164905936200000,0.01974884606897831,0.3303025662899017,0.09929927076820814,0.04654828945772564,0.04306101426482201,0.6643655896186829,0.2582220424990973,0.1318697257490169,0.06111189723014832,1.246009707450867,0.3791294399387416,0.2101901428804559,0.1603332310914993,2.658646821975708,1.002835145382181,0.5448545662197342,0.6815192699432373,8.668563842773438,3.812381024234087,1.907454017707352
"S15K120",7360,1.005788896000000,0.03690393269062042,0.7333900928497314,0.1763235231071872,0.1030948282615696,0.06632754951715469,0.9850440025329590,0.3916823677546548,0.1960648870854582,0.08191177248954773,1.256550431251526,0.4474907001116030,0.2144512718593949,0.2574572265148163,3.998930215835571,1.639565082473437,0.8550423906676689,0.7867929339408875,8.069330215454102,3.646265086596428,1.718935687806282
"S15K121",17898,2.445870877800000,0.04296144470572472,0.5093423724174500,0.1732229490775157,0.06713068972284492,0.07491476088762283,0.9814782142639160,0.3485359655245048,0.1433102599134835,0.1018811613321304,1.828693032264709,0.5713882768814535,0.2627769636536262,0.2624803185462952,3.794297218322754,1.582985576214318,0.6414193599095914,0.7215942740440369,8.005815505981445,3.854818115322030,1.429941603764436
"S15K126",21104,2.883990334400000,0.03280352801084518,0.7356863021850586,0.1751467307234837,0.09751860992341728,0.05129625648260117,1.277117133140564,0.3212065439822379,0.1959895638003580,0.07351417094469070,2.094010591506958,0.4708184436891424,0.3018678000057484,0.2761445045471191,4.279840469360352,1.417020379982951,0.8247344369871498,0.8161801695823669,8.966347694396973,3.576359552515555,1.815184733181010
"S15K137",809,0.1105547849000000,0.06774790585041046,0.3359019160270691,0.1543970554054004,0.05317757833799414,0.08943530917167664,0.5576445460319519,0.2347461559219178,0.1042584666467486,0.1800612807273865,1.201014399528503,0.5297901439209952,0.2234794973549276,0.2949538826942444,2.439586877822876,1.012959404251042,0.4730761622706378,0.8571758866310120,5.328898429870605,2.482672966823294,1.065718225360027
"S15K138",14975,2.046425097500000,0.03918883204460144,0.5945039987564087,0.1862686879480123,0.1023480267986259,0.04362768679857254,0.9088461995124817,0.2896803210036383,0.1706243163077042,0.08849854022264481,2.150745868682861,0.5422745169104639,0.3495324369560777,0.2527530491352081,4.204565525054932,1.519801771797999,0.8479487121857184,0.7597862482070923,8.427388191223145,3.530640464438025,1.687182872575115
"S15K147",12231,1.671440759100000,0.04380007088184357,0.4479835033416748,0.1764457132748016,0.07658473392273089,0.05980077385902405,0.7161037921905518,0.2670694968080118,0.1375841585210395,0.1017452701926231,1.220384836196899,0.4489658958360147,0.2328123480425069,0.2965794801712036,4.111203193664551,1.647554843560349,0.9118532634026310,0.8030143976211548,8.531875610351563,3.786001770950165,1.936038037618292
"S15K150",19358,2.645388783800000,0.03532472997903824,0.5394768714904785,0.1587024695081292,0.07461460823787815,0.08114273846149445,1.218316316604614,0.4251095731238967,0.2160685394144174,0.07762284576892853,1.458150982856750,0.4305299882729790,0.2219199457064585,0.3053429126739502,4.178970813751221,1.756960800004370,0.8762796240057804,0.8717225790023804,8.824405670166016,3.991966893880104,1.765597355912127
"S15K151",10214,1.395805405400000,0.05071192234754562,0.6080477833747864,0.2171000463810363,0.1035713135069170,0.07309227436780930,1.010892629623413,0.3480119242620826,0.1965929083920470,0.09937672317028046,1.835555791854858,0.5703591848135473,0.3268196123147266,0.2699158787727356,4.341324806213379,1.614933521477519,0.9469710328993228,0.8128638267517090,8.692223548889160,3.614821053167506,1.858365016722611
"S15K167",10364,1.416303820400000,0.03929389640688896,0.4864374995231628,0.1871295613727368,0.1004267059699476,0.05383228510618210,0.9411172270774841,0.2830788436755882,0.1650410189272553,0.07983329147100449,1.316197276115417,0.4035370508881034,0.2409130446757215,0.2362571954727173,3.551567077636719,1.177710992370745,0.7357892039132155,0.6733905673027039,8.488810539245605,3.088597710127539,1.782648023488814
"S15K168",15847,2.165589216700000,0.02990240976214409,0.5162357687950134,0.1588730599354846,0.08421755690427266,0.04186098277568817,1.323288083076477,0.3672458895722433,0.2430213495219809,0.06102013215422630,1.652795910835266,0.3956763290913522,0.2390916774086546,0.2281778007745743,4.231920719146729,1.542043104424585,0.9103469126650379,0.6832149028778076,9.578666687011719,3.861021387981012,2.040245876061380
"S15K171",18424,2.517751986400000,0.03030322678387165,0.6212815642356873,0.1660598019470391,0.09006362059156783,0.05284611135721207,0.9877407550811768,0.2692494262438519,0.1536914488707575,0.05998274683952332,1.485308170318604,0.3551493419079116,0.2205132238164875,0.2661772370338440,3.529081344604492,1.250262546955996,0.6426075975866662,0.5050377845764160,7.141029834747314,2.520708118250356,1.138486605082238
"S15K178",16156,2.207815951600000,0.02963141724467278,0.8641822338104248,0.1639685156183535,0.08271663499021267,0.03193341940641403,0.8757101893424988,0.1807530000785103,0.1089229189112023,0.06749475002288818,1.669666767120361,0.3789380936975395,0.2323847612049594,0.2304453551769257,3.489305019378662,1.180968284619847,0.7115345967751692,0.6280593276023865,8.628183364868164,3.225318439682984,1.748450567030214
"S15K180",20418,2.790244249800000,0.01263866666704416,0.2664204835891724,0.06686143751317018,0.03848608846448943,0.01487756241112947,0.2540683746337891,0.07142082626033440,0.04016122573864801,0.04823576658964157,0.9441234469413757,0.2516427778048030,0.1542255189076311,0.05342828482389450,0.8223917484283447,0.2420505866720706,0.1412135172321633,0.6333687305450439,7.652534484863281,2.610164402493746,1.379787083447691
"S15K184",17062,2.331626378200000,0.01131909061223269,0.5173214077949524,0.09530644289089830,0.06290841502011772,0.01331200357526541,0.3215914666652679,0.08020744119563289,0.04666094871345110,0.06214334815740585,1.577195763587952,0.3654111497540408,0.2342551123463192,0.05166199058294296,1.393550395965576,0.3662466790130602,0.2230341121418043,0.5596926212310791,6.953352451324463,2.686491212288277,1.351970004752889
"S15K186",21802,2.979376292200000,0.03645143285393715,1.056583046913147,0.2398326628025645,0.1548672402481226,0.05329019948840141,1.117265343666077,0.3387072089290264,0.1830355685592611,0.08433905988931656,3.059740781784058,0.6307160630740168,0.4831283990801003,0.2975991666316986,4.364647388458252,1.793459457619979,0.8710149569199531,0.8793157339096069,8.397831916809082,3.964352964326970,1.569262429694775
"S15K199",16843,2.301698692300000,0.03552645817399025,0.5879024267196655,0.1553688558190219,0.09258287218096305,0.06146639585494995,0.8209471702575684,0.3329456545357690,0.1596929956511653,0.07292673736810684,1.133475899696350,0.3651829494537957,0.2113999047236048,0.2085600644350052,3.581288814544678,1.410879754435526,0.7125236028697329,0.6636670827865601,8.998624801635742,4.114566478976680,1.998955442923348
"S15K200",1979,0.2704424219000000,0.02012407965958118,0.1702044308185577,0.06142853790383077,0.03203950655205313,0.01866363547742367,0.1630267798900604,0.06554881055915127,0.02981974446446447,0.07719005644321442,0.7585138678550720,0.2714244842062459,0.1129214781324567,0.08981227874755859,0.6895971298217773,0.3282435734000033,0.1456374634904194,0.7351600527763367,5.955773830413818,2.633631107992691,1.313534181719507
"S15K227",20040,2.738588244000000,0.03496579825878143,0.8782835006713867,0.1643343871678719,0.08856274885082588,0.02807036414742470,0.7787297368049622,0.1975558797483092,0.1215872000818390,0.06322389841079712,1.744069099426270,0.3553459560770000,0.2265611613961113,0.2089687138795853,4.789854526519775,1.488664868001096,0.8736305833150240,0.6078147888183594,9.656638145446777,3.860969390864379,1.936823649078976
"SM",15806,2.159986316600000,0.04799925908446312,0.6919695138931274,0.2360554923637279,0.1151647132780810,0.07912997901439667,1.231303572654724,0.4413050119426303,0.2218805058418471,0.09216928482055664,1.746635317802429,0.6063483218085829,0.3073044276668715,0.3098562359809875,4.270570755004883,1.753207268910092,0.9256539270052082,0.8861867785453796,8.838786125183105,3.797922007010797,1.872815625368530
"SW17K848",14881,2.033579424100000,0.01627568528056145,0.7723677754402161,0.09306274035701585,0.05163807476357736,0.01403475180268288,0.4467541873455048,0.07147056642368033,0.03756675725968965,0.06686058640480042,2.159416437149048,0.3440923118977231,0.2024813587686644,0.07211176306009293,1.007082343101501,0.3738474036165683,0.2116228785136460,0.6524157524108887,6.836200714111328,2.712760458281103,1.479878366174817
"SW17K858",8101,1.107051066100000,0.03154238685965538,0.5913300514221191,0.1602310591331677,0.08544536579000062,0.04622378572821617,0.5990560054779053,0.2210255520340801,0.1133378711869645,0.07954180985689163,1.492794394493103,0.3784310018038797,0.2093616337952643,0.2558805942535400,3.401443719863892,1.322218261328969,0.7313425740225326,0.7652382254600525,7.968677520751953,3.475588606112005,1.768626635945202
"SW17K896",15886,2.170918804600000,0.03522225096821785,0.5371626019477844,0.1627512067904850,0.08748775391881264,0.05936600267887115,0.8652345538139343,0.3085558358024105,0.1562203210558737,0.08269571512937546,1.371243238449097,0.3939002787085334,0.2151448644288467,0.2538627982139587,3.579586505889893,1.318360870061287,0.6829001895398898,0.7671262025833130,7.981127262115479,3.328961602003074,1.566834611102133
"SXYH",21054,2.877157529400000,0.01168456114828587,0.1939184218645096,0.06190985010496632,0.03275158394811314,0.02428181655704975,0.4161769151687622,0.1385336060298481,0.06900366970977297,0.04014324024319649,1.066030025482178,0.2571435538255483,0.1337879270507791,0.06295891106128693,1.151311516761780,0.4387366579697095,0.2280444690961325,0.5447508692741394,8.123777389526367,3.568720326556590,1.744415275093975
"W059",14835,2.027293243500000,0.01753937453031540,0.2385474145412445,0.07803587411885958,0.03526263847328480,0.02314265817403793,0.3193815946578979,0.1164282375575620,0.04802263272011210,0.04709526151418686,0.7933468818664551,0.2386618637678535,0.1082539010276675,0.06641285121440887,0.9419696927070618,0.3523488353379133,0.1658149574396791,0.6380968689918518,7.171628475189209,3.399326982122902,1.658243327724272
"W066",13179,1.800990741900000,0.04472085461020470,0.5261202454566956,0.1645362900892418,0.08815649798825984,0.09400185197591782,0.9298073053359985,0.3635143827033864,0.1642188622549761,0.07610289007425308,0.9284582138061523,0.3306616548352977,0.1673589909185448,0.2678026854991913,2.986238241195679,1.287071131282298,0.6540576340998517,0.8727591633796692,7.946897506713867,3.662414067160045,1.847692695480492
"W066x",6723,0.9187389603000000,0.03994012996554375,0.4169074296951294,0.1575631347962669,0.07041534737026137,0.07066627591848373,0.7377020120620728,0.2659468734322445,0.1220057207630540,0.08726873248815536,1.143469452857971,0.3759556656273087,0.1811572024859781,0.2749626040458679,2.942688941955566,1.234110684984765,0.6359675255318862,0.7884063124656677,7.107583522796631,3.113803056659540,1.582863622156908
"W1021",3608,0.4930552088000000,0.03197083622217178,0.3541647493839264,0.1239522271025554,0.06585952356486952,0.04077043756842613,0.4030309915542603,0.1414071155294875,0.06086295663081446,0.04480428248643875,0.4940230250358582,0.1852232162208770,0.08572045145002094,0.1728759706020355,1.407560110092163,0.7282684969688932,0.2661393838591077,0.4627767503261566,3.237207412719727,1.495829292533800,0.6082679411443058
"W1052",5524,0.7548882964000000,0.04872874543070793,0.7061547636985779,0.2311894005187433,0.1161712451429336,0.06540473550558090,1.051615953445435,0.3528063330572747,0.1787226588601194,0.1066748797893524,2.018923044204712,0.6419065627407691,0.3552153394222914,0.2588969767093658,4.392811298370361,1.436056288637648,0.7735162568910631,0.7267885804176331,8.491053581237793,3.371425694827151,1.696603448093476
"W1054",10128,1.384052980800000,0.04632210358977318,0.5582145452499390,0.1751634422652895,0.09692971282013278,0.04225113242864609,0.5423643589019775,0.1925013426659661,0.09838150736073352,0.09148018807172775,1.262484431266785,0.4003060161567176,0.2243077289172453,0.2296315282583237,3.636451244354248,1.345513101470014,0.7879982602865807,0.6526024937629700,8.392433166503906,3.434044452557726,1.894365125761913
"W1062",20089,2.745284392900000,0.01454009022563696,0.3117599189281464,0.08343137480143120,0.04733462387022658,0.01591815054416656,0.4407032728195190,0.09939307592563681,0.05894281899279211,0.04473983868956566,1.155751705169678,0.2628829706228623,0.1580439153106605,0.05205610021948814,1.078190803527832,0.3327835048408174,0.1996728822676418,0.6449135541915894,7.688228130340576,3.033558906186861,1.604681211348108
"W1063",16820,2.298555602000000,0.04140982776880264,1.006713628768921,0.2295835764792954,0.1249943391144194,0.06836968660354614,1.634884715080261,0.4053395407980887,0.2108543597862969,0.1046662479639053,3.021195411682129,0.7270883254897335,0.4209663659656341,0.2902936339378357,4.331666469573975,1.719097121205185,0.8493737909732515,0.7762154936790466,8.613689422607422,3.882390854584760,1.673923687349098
"W1067",10964,1.498297480400000,0.02400039136409760,0.4114840030670166,0.1071573949144764,0.06419168835984057,0.02390284650027752,0.3324241936206818,0.09162144910014794,0.05562806875723004,0.06808055192232132,0.8054001331329346,0.2691382458633977,0.1454742189571065,0.1574631929397583,2.397319316864014,0.8103227090499605,0.4404826407642408,0.6805846095085144,8.275454521179199,3.319889058578802,1.844640830124910
"W1069",17757,2.426602367700000,0.02975014597177505,0.5250139236450195,0.1581542752919180,0.07858317668642875,0.03216840326786041,0.7398616075515747,0.2010743015150958,0.1118333470194780,0.07328203320503235,1.679879665374756,0.3780981093651808,0.2097549043731338,0.2387020438909531,4.108211517333984,1.508239384024988,0.8188782407940693,0.6728963255882263,8.649781227111816,3.645753564521483,1.782048622979439
"W1077",17153,2.344062083300000,0.01283837761729956,0.2723149955272675,0.06774781187712306,0.04265577522700565,0.01341321133077145,0.2663524448871613,0.07683492172205375,0.04522063432516375,0.04089383780956268,0.7206873893737793,0.2137716852257945,0.1216467477207530,0.06999769061803818,1.129054188728333,0.3882322566922448,0.2218020230157632,0.5897081494331360,7.237467288970947,2.779582895680375,1.539217403225074
"W1079",23107,3.157712502700000,0.03257319331169128,1.543913483619690,0.2150071227824128,0.1475565716834849,0.05268449708819389,1.801548123359680,0.4357580461693655,0.2723289034469499,0.07072368264198303,2.491448163986206,0.5155812945408258,0.3596023886395250,0.2491573393344879,4.708748817443848,1.501397879881702,0.8250103256984582,0.6075224280357361,8.866724967956543,3.385323951207933,1.746889669728378
"W1081",28675,3.918613667500000,0.03097846545279026,1.044134020805359,0.1316662335582240,0.06941570303521703,0.03229860216379166,1.522153735160828,0.2088079206101148,0.1060041248350259,0.06485675275325775,2.533868789672852,0.3329084262496090,0.1959983451293683,0.2273669689893723,3.346880674362183,1.164203400320870,0.5384754516874078,0.7596569657325745,8.487365722656250,3.460374659641784,1.367395515598239
"W1086",16404,2.241706664400000,0.04153653979301453,0.8913901448249817,0.2084705928575372,0.1194948815290949,0.04719939455389977,1.040103197097778,0.2755814081260475,0.1578104232886947,0.08929599076509476,2.566313266754150,0.5185575101518233,0.3393600049941060,0.2481637448072433,4.560454368591309,1.515436283614548,0.8641005148911743,0.8092906475067139,8.874304771423340,3.758485638101168,1.831427146867735
"W1103",18844,2.575147548400000,0.01274896506220102,0.2036738395690918,0.06331692107505758,0.02761920880995860,0.01884310506284237,0.2592384517192841,0.1074495693191103,0.03948153167058378,0.04722023755311966,0.7281876206398010,0.2451615104233525,0.1047245988477181,0.05696977674961090,0.6970922946929932,0.3347567687725608,0.1293861324853501,0.6951811909675598,6.906876087188721,3.673553440919906,1.373537514460910
"W1105",18127,2.477165124700000,0.03510091081261635,0.5802299380302429,0.1502700032471192,0.08554862797966428,0.04294088855385780,0.6917855143547058,0.1972912595563001,0.09192592548541986,0.07187867909669876,1.069471120834351,0.2835801716004258,0.1463315838966051,0.2565763890743256,3.107390880584717,1.228838829884181,0.6336301095817282,0.7994962334632874,8.345039367675781,3.851284848467861,1.874538597019562
"W1111",19496,2.664247325600000,0.009306655265390873,0.2638506591320038,0.04530820859195633,0.03100119830800922,0.01116375532001257,0.2869743108749390,0.05200435697881810,0.03495467982890913,0.02662638388574123,0.5893357992172241,0.1347380261748815,0.07637137675319391,0.05955126509070396,0.9346885681152344,0.3416177318009150,0.1787409750077148,0.6543566584587097,7.305641174316406,3.210194246203726,1.634662564824805
"W1113",20014,2.735035185400000,0.03244273737072945,0.6298200488090515,0.1320762639232236,0.06989694171773628,0.02829755097627640,0.7280709743499756,0.1213385676490474,0.06970115510652963,0.07748609036207199,1.837026476860046,0.3492266241927492,0.1931001743530075,0.2584886252880096,4.493672847747803,1.406845792845090,0.7688186538969723,0.7987235784530640,8.434490203857422,3.781409073459099,1.788170552407656
"W1136",17424,2.381095886400000,0.03623356670141220,0.5541250705718994,0.1840992608820444,0.09258967176533903,0.04459163174033165,0.8898033499717712,0.2937844948217964,0.1685672025053388,0.07425027340650558,1.448670983314514,0.4137089318990075,0.2354918391606497,0.2690272331237793,4.323695659637451,1.735328026757301,1.007336759200884,0.8124989867210388,9.246727943420410,4.040705849682523,2.038044779436016
"W1392",14022,1.916191834200000,0.04586447030305862,0.4584459066390991,0.1656591470760186,0.07242989904404977,0.04103532806038857,0.6050773859024048,0.2151381106383810,0.1075521036758018,0.09763257205486298,1.130636572837830,0.4309293736936554,0.2190786512709419,0.2578045427799225,3.844836950302124,1.613331771629324,0.8709397753579302,0.6964225769042969,8.759713172912598,3.756737360110417,1.855704166224612
"W1844",12769,1.744961740900000,0.04848961159586906,0.6358177065849304,0.2000046616116880,0.1025898630614869,0.06113912910223007,0.6812108755111694,0.2820764268344467,0.1332906181307764,0.1002561897039413,1.953427791595459,0.5033895312661487,0.2726936156968553,0.2630206346511841,3.789547204971313,1.568616895812803,0.8225302557875370,0.8251442909240723,8.193815231323242,3.531805349648237,1.782851528117003
"W287",12399,1.694398983900000,0.02991999126970768,0.6314749121665955,0.1362065596423225,0.06449782582784609,0.04812962561845779,0.7511577010154724,0.2629445112114381,0.1209547999004797,0.06855627149343491,1.551560282707214,0.3676541753420332,0.1954362293255214,0.1926921606063843,2.954626560211182,1.079556180926011,0.5465970393716134,0.6864170432090759,8.721992492675781,4.041609745197157,1.889995754864668
"W306",9015,1.231954741500000,0.03561928868293762,0.5461729168891907,0.1750220945099791,0.09203091791229964,0.03438144549727440,0.5943232774734497,0.1908240297066459,0.1184213001820908,0.08205974102020264,1.277620911598206,0.3862614114740394,0.2342635207891737,0.2258527427911758,3.921388864517212,1.380883729183469,0.8763342660460505,0.7490040659904480,9.160855293273926,3.617678776100749,2.000120493275203
"W455",12247,1.673627256700000,0.05122459307312965,0.5223715901374817,0.1915050384691124,0.09326083072828836,0.06378855556249619,0.8841136693954468,0.2934710166346418,0.1600013167231669,0.09295960515737534,1.489528059959412,0.4597199830138615,0.2663540373072726,0.2633273303508759,4.106641769409180,1.456520550147051,0.8266171547036678,0.7627816200256348,8.706253051757813,3.648260260631848,1.896506190507196
"W550",15736,2.150420389600000,0.03395548835396767,0.5361657738685608,0.1642413087748844,0.09324550645485145,0.04223588481545448,0.7868951559066772,0.2395327284846437,0.1361071884556506,0.07139137387275696,1.549151062965393,0.3565878938953615,0.2108222585557076,0.2723356783390045,3.402173519134521,1.313610287065971,0.7760928628302766,0.8300393819808960,7.784285545349121,3.345605219753642,1.697786560422903
"W661",14210,1.941883181000000,0.04474484547972679,1.457147479057312,0.2367491360171781,0.1521495293788525,0.04991994425654411,1.317486166954041,0.2938746409845930,0.1889832600893838,0.09964580833911896,3.642186880111694,0.6450326001162808,0.4749005635407179,0.2617294192314148,5.322678089141846,1.536434110260865,0.9225813263883744,0.7976504564285278,8.771439552307129,3.486165566800097,1.746654478919518
"W665",19000,2.596465900000000,0.04041790962219238,0.5988087058067322,0.1618995266844959,0.07223023466308977,0.05160040408372879,0.7930361032485962,0.3018615007118174,0.1430911745230765,0.08108006417751312,1.244904637336731,0.4133463352032398,0.1923753534598786,0.3230744302272797,3.955069780349731,1.664423394123190,0.7568267860704520,0.8996171951293945,8.600181579589844,4.111947901697535,1.690532937227857
"W676",18120,2.476208532000000,0.03302793949842453,0.6520654559135437,0.2073408546682784,0.1035508566576525,0.06532483547925949,1.522736668586731,0.4270076560053898,0.2618542054115164,0.06921202689409256,1.940340161323547,0.4799548211188833,0.2890390204780323,0.2154878079891205,4.670311450958252,1.517888852343720,0.9088848262731416,0.5936141610145569,9.424640655517578,3.554148890880690,1.970138695610942
"W711",5360,0.7324766960000001,0.04849515482783318,0.5451759099960327,0.1669961460038963,0.07652371188893083,0.07492381334304810,0.6813692450523376,0.2373093166791682,0.1158363447271995,0.1218340322375298,1.183164954185486,0.4012835927404908,0.2067306826400941,0.2852098643779755,2.905794858932495,1.238089798457587,0.6155692962328062,0.8185570240020752,6.841618061065674,3.419274353224840,1.673226264220169
"W730",4829,0.6599123069000000,0.03482981398701668,0.4319922626018524,0.1553345192875655,0.07834631591956895,0.03976667299866676,0.4087030291557312,0.1864874303830005,0.07238365722162322,0.05044239759445190,0.7012931108474731,0.2683746792741705,0.1255893295777535,0.2073413580656052,1.972810745239258,0.8684990767472081,0.3457773284495939,0.5273855924606323,3.819175481796265,1.816507493457233,0.7536118062530982
"W760L",15036,2.054761119600000,0.03176610171794891,0.5112752318382263,0.1592768360604217,0.08741271194494972,0.05403079092502594,0.9588029384613037,0.3352986959622588,0.1814122276441526,0.07324184477329254,1.547420263290405,0.4059270168722756,0.2414497655479788,0.2119295448064804,3.659927845001221,1.394439705474345,0.7837546051790960,0.6616403460502625,9.112086296081543,4.002242662383225,2.093401909322870
"W777",21749,2.972133518900000,0.01517769973725080,0.3741854429244995,0.06816460238030989,0.03989352521824262,0.01263283658772707,0.2417444288730621,0.06142827265215166,0.03644054573452167,0.05804939568042755,1.155974984169006,0.2646399550511594,0.1681895511981443,0.05892620235681534,1.051663756370544,0.3216579056905586,0.2036156044314386,0.6135072708129883,7.083806991577148,2.615215910205107,1.494848574465168
"W811",14752,2.015950787200000,0.03723092004656792,0.5012379288673401,0.1454396829081786,0.07027478044480041,0.06304257363080978,0.8422358632087708,0.2929462175942562,0.1344623419003363,0.07842655479907990,1.375650048255920,0.3468956105737320,0.1849588310368900,0.2549205720424652,3.213832378387451,1.290690339107770,0.6171267770501340,0.8379888534545898,7.993085384368896,3.649839912296763,1.653125611640954
"W812",18315,2.502856471500000,0.03388572856783867,0.3742842376232147,0.1365774470492039,0.06261850782339665,0.05910541117191315,0.8388072848320007,0.2789896395585266,0.1375996533450421,0.07214098423719406,1.183964848518372,0.3339263012524417,0.1659403525020233,0.2482160180807114,3.559074878692627,1.251816809298625,0.6266517244406788,0.8600846529006958,8.408251762390137,3.687418435113271,1.643969221310494
"W828",18589,2.540300242900000,0.01803063228726387,0.3355036377906799,0.09920819096122532,0.05195997862802677,0.01724725216627121,0.3325946629047394,0.1005792010486755,0.05226183614734223,0.05781637504696846,1.341389656066895,0.3867462613486143,0.2114672971501817,0.09129422158002853,1.499385595321655,0.5106911946706719,0.2764206034715520,0.7230928540229797,8.083468437194824,3.363224295278525,1.633456706916529
"W834",12747,1.741955306700000,0.03560230508446693,0.5686287283897400,0.1773465031558783,0.08792911007920678,0.04043056443333626,0.7361540198326111,0.2045569087843283,0.1082706876277586,0.08939464390277863,1.417401313781738,0.4291890453033758,0.2302912415622699,0.2357887923717499,3.935335159301758,1.572033606370851,0.9210002740633566,0.6992313861846924,8.936949729919434,3.746804099471242,1.976645094722232
"W837",8464,1.156657230400000,0.05164359882473946,0.7912396788597107,0.2392270222745505,0.1135937938165039,0.05773537606000900,0.9777735471725464,0.3001491887246685,0.1633542133111798,0.1026342064142227,2.314785003662109,0.6966118447082945,0.3972612072979069,0.2788477241992950,4.710778236389160,1.557470317356049,0.8492414641658338,0.8082977533340454,8.964835166931152,3.420856898294899,1.669421924614064
"W847",14769,2.018273940900000,0.01318810693919659,0.3098531961441040,0.08121691723059994,0.04492842430964825,0.01513062510639429,0.3766056895256042,0.09200005439750220,0.05457587300400690,0.06428246945142746,1.886420488357544,0.4046909063433985,0.2538633152941403,0.05135902017354965,0.8850269913673401,0.2621347139558529,0.1621610762413859,0.6039986014366150,6.868742942810059,2.487663088570323,1.401032367583799
"W878",10265,1.402774866500000,0.02833785489201546,0.3186386525630951,0.1137878325005247,0.05090052008308103,0.03291597217321396,0.4358507990837097,0.1691220022864999,0.07317326548896322,0.07728838175535202,0.9608056545257568,0.3773439742091277,0.1810157372767737,0.1121721863746643,2.291818141937256,0.7896695561543707,0.4434154430632156,0.6785053610801697,8.396661758422852,3.472958991920083,1.839078530054589
"W919",15831,2.163402719100000,0.01108577568084002,0.1985723525285721,0.05761183697786076,0.03090396737282566,0.01514551602303982,0.2650647759437561,0.08983396294361266,0.04904096198506604,0.04383443295955658,0.8607385158538818,0.2500792890890667,0.1425770930803318,0.06847178936004639,1.111399888992310,0.3884600215062559,0.2314835141072996,0.5735575556755066,7.219555377960205,2.939038077192023,1.643903018139813
"W931",12575,1.718450457500000,0.01875950209796429,0.3678037822246552,0.07926611000883059,0.04137999483516579,0.01583382487297058,0.2151384353637695,0.07108713545260678,0.03512412835468264,0.06007132679224014,1.084297299385071,0.2840950731556885,0.1552182029460758,0.05926888808608055,0.8056062459945679,0.2954314787167442,0.1636617729170847,0.6335924863815308,6.691161155700684,2.580157723545317,1.407617428362055
"W940",18528,2.531964220800000,0.03643782436847687,0.4947709739208221,0.1617509822977630,0.08131367888702069,0.07095323503017426,1.149930000305176,0.3778210618092465,0.2121902587749590,0.07782103121280670,1.369212388992310,0.4069612935649486,0.2290056365540100,0.2332213670015335,4.245884895324707,1.634778025750688,0.9186509742781159,0.7493507266044617,8.858187675476074,4.062994541568176,1.992439357453000
"W955",12347,1.687292866700000,0.03646218031644821,0.5060927271842957,0.1535949306551229,0.07891001841314522,0.05464893952012062,0.8844849467277527,0.3133400883352123,0.1773577926993970,0.08295696973800659,1.351135015487671,0.4290771963065900,0.2507498570238276,0.2366730123758316,3.934272050857544,1.494599326635224,0.8932099050922190,0.8038806319236755,8.344727516174316,3.509120581574291,1.863104264799931
"XBYL",14998,2.049568187800000,0.03945478796958923,0.5752416849136353,0.1841700552839894,0.09598099977975105,0.05156493559479713,0.8585677146911621,0.2874947793934268,0.1750458004502190,0.08301181346178055,1.352490425109863,0.4203558444563495,0.2608990285542277,0.2624502182006836,4.287659645080566,1.626654347474138,1.000271471070365,0.7574201226234436,8.795149803161621,3.756790729320308,1.981332912887521
"Y7",11421,1.560749318100000,0.04973104968667030,0.7706810832023621,0.2184256034632580,0.1186024613903860,0.05220993235707283,0.9619108438491821,0.2934563586464066,0.1659438988940397,0.09016072005033493,2.089667081832886,0.5592062540927071,0.3419836170606333,0.2606106102466583,4.113613128662109,1.424975876822882,0.8085062213923131,0.7216564416885376,7.989169120788574,3.343946687603839,1.686806453653296
"YDL",13846,1.892140360600000,0.03825890645384789,0.7436350584030151,0.1890725738566816,0.09984398678301531,0.05825204402208328,1.048514008522034,0.3377815291412510,0.2091863598425688,0.08637981861829758,1.470416307449341,0.4211597852559556,0.2599321012024936,0.2646984159946442,4.455629825592041,1.640757097651051,1.033298436751940,0.8303962945938110,8.650538444519043,3.720853630662669,1.960677046240255
"ZS",12337,1.685926305700000,0.01170748751610518,0.2752984464168549,0.05530682522337015,0.03391459652224346,0.01108526904135942,0.2916668355464935,0.05854542946623079,0.03689019075693846,0.04327677562832832,0.8844708204269409,0.2140090932657864,0.1138407992244142,0.05028273910284042,0.7748687267303467,0.2640304340997328,0.1315992467386571,0.5672753453254700,6.410736083984375,2.375582611985016,1.241854823754513
"ZY",14183,1.938193466300000,0.01347907818853855,0.2907858490943909,0.06301112570411478,0.04205260843562291,0.01506369654089212,0.2855714559555054,0.06680621536541716,0.04112309408705692,0.04045943543314934,0.6727470159530640,0.1757906752720665,0.09451777506684333,0.08967716246843338,1.186785817146301,0.4605169752592355,0.2352436027770547,0.6625332236289978,7.793443202972412,3.360988954083838,1.809516094372621
"Zya",3679,0.5027577919000000,0.01727743074297905,0.2280080914497375,0.05613998643756236,0.03387921082864984,0.01956100948154926,0.2219176888465881,0.06071721788087708,0.03046488842263935,0.07755757868289948,0.8368919491767883,0.2688178745126005,0.1108156486904060,0.07060226798057556,0.7038198709487915,0.3082559890083139,0.1248529484669372,0.6484647989273071,5.176330566406250,2.488356465537056,1.113142202457664
